time,block_index,ess,wf_error_inst,wf_error_cum_rms,wf_fidelity
0.05,1,1,6.50917561686e-07,6.50917561686e-07,1
0.1,2,1,1.30183548725e-06,1.0291912621e-06,0.999999999998
0.15,3,1,1.95275372972e-06,1.40614324032e-06,0.999999999996
0.2,4,1,2.60367224115e-06,1.78261223884e-06,0.999999999993
0.25,5,1,3.25459097273e-06,2.15885098958e-06,0.999999999989
0.3,6,1,3.90550987501e-06,2.5349620431e-06,0.999999999985
0.35,7,1,4.55642889793e-06,2.91099491244e-06,0.999999999979
0.4,8,1,5.20734799107e-06,3.28697643667e-06,0.999999999973
0.45,9,1,5.85826710382e-06,3.66292242496e-06,0.999999999966
0.5,10,1,6.50918618548e-06,4.03884279242e-06,0.999999999958
0.55,11,1,7.16010518541e-06,4.41474407047e-06,0.999999999949
0.6,12,1,7.81102405331e-06,4.7906307348e-06,0.999999999939
0.65,13,1,8.46194273917e-06,5.16650595342e-06,0.999999999928
0.7,14,1,9.1128611937e-06,5.54237203024e-06,0.999999999917
0.75,15,1,9.76377936822e-06,5.9182306796e-06,0.999999999905
0.8,16,1,1.04146972149e-05,6.29408320236e-06,0.999999999892
0.85,17,1,1.1065614687e-05,6.66993060258e-06,0.999999999878
0.9,18,1,1.1716531739e-05,7.04577366671e-06,0.999999999863
0.95,19,1,1.23674483265e-05,7.42161301887e-06,0.999999999847
1,20,1,1.30183644068e-05,7.79744916002e-06,0.999999999831
1.05,21,1,1.36692799386e-05,8.17328249645e-06,0.999999999813
1.1,22,1,1.43201948823e-05,8.54911336064e-06,0.999999999795
1.15,23,1,1.49711092003e-05,8.92494202698e-06,0.999999999776
1.2,24,1,1.56220228569e-05,9.3007687236e-06,0.999999999756
1.25,25,1,1.62729358184e-05,9.67659364145e-06,0.999999999735
1.3,26,1,1.69238480533e-05,1.00524169414e-05,0.999999999714
1.35,27,1,1.75747595324e-05,1.04282387599e-05,0.999999999691
1.4,28,1,1.82256702288e-05,1.0804059213e-05,0.999999999668
1.45,29,1,1.88765801182e-05,1.11798784003e-05,0.999999999644
1.5,30,1,1.95274891786e-05,1.15556964076e-05,0.999999999619
1.55,31,1,2.01783973908e-05,1.19315133091e-05,0.999999999593
1.6,32,1,2.08293047382e-05,1.23073291694e-05,0.999999999566
1.65,33,1,2.14802112068e-05,1.2683144045e-05,0.999999999539
1.7,34,1,2.21311167855e-05,1.30589579856e-05,0.99999999951
1.75,35,1,2.27820214658e-05,1.34347710351e-05,0.999999999481
1.8,36,1,2.34329252423e-05,1.38105832328e-05,0.999999999451
1.85,37,1,2.40838281122e-05,1.41863946135e-05,0.99999999942
1.9,38,1,2.47347300756e-05,1.45622052088e-05,0.999999999388
1.95,39,1,2.53856311353e-05,1.49380150475e-05,0.999999999356
2,40,1,2.60365312973e-05,1.53138241557e-05,0.999999999322
2.05,41,1,2.66874305701e-05,1.56896325574e-05,0.999999999288
2.1,42,1,2.7338328965e-05,1.60654402752e-05,0.999999999253
2.15,43,1,2.79892264962e-05,1.64412473298e-05,0.999999999217
2.2,44,1,2.86401231806e-05,1.68170537412e-05,0.99999999918
2.25,45,1,2.92910190376e-05,1.7192859528e-05,0.999999999142
2.3,46,1,2.99419140892e-05,1.75686647083e-05,0.999999999103
2.35,47,1,3.05928083602e-05,1.79444692994e-05,0.999999999064
2.4,48,1,3.12437018774e-05,1.8320273318e-05,0.999999999024
2.45,49,1,3.18945946705e-05,1.86960767808e-05,0.999999998983
2.5,50,1,3.25454867709e-05,1.90718797038e-05,0.999999998941
2.55,51,1,3.31963782127e-05,1.94476821031e-05,0.999999998898
2.6,52,1,3.38472690316e-05,1.98234839944e-05,0.999999998854
2.65,53,1,3.44981592656e-05,2.01992853936e-05,0.99999999881
2.7,54,1,3.51490489543e-05,2.05750863165e-05,0.999999998765
2.75,55,1,3.57999381392e-05,2.09508867788e-05,0.999999998718
2.8,56,1,3.64508268633e-05,2.13266867965e-05,0.999999998671
2.85,57,1,3.71017151709e-05,2.17024863854e-05,0.999999998623
2.9,58,1,3.77526031079e-05,2.20782855618e-05,0.999999998575
2.95,59,1,3.84034907211e-05,2.24540843416e-05,0.999999998525
3,60,1,3.90543780585e-05,2.28298827414e-05,0.999999998475
3.05,61,1,3.97052651689e-05,2.32056807776e-05,0.999999998423
3.1,62,1,4.03561521017e-05,2.35814784667e-05,0.999999998371
3.15,63,1,4.10070389069e-05,2.39572758255e-05,0.999999998318
3.2,64,1,4.16579256351e-05,2.43330728709e-05,0.999999998265
3.25,65,1,4.23088123369e-05,2.470886962e-05,0.99999999821
3.3,66,1,4.29596990631e-05,2.50846660897e-05,0.999999998154
3.35,67,1,4.36105858643e-05,2.54604622973e-05,0.999999998098
3.4,68,1,4.42614727912e-05,2.58362582601e-05,0.999999998041
3.45,69,1,4.49123598936e-05,2.62120539953e-05,0.999999997983
3.5,70,1,4.55632472211e-05,2.65878495204e-05,0.999999997924
3.55,71,1,4.62141348226e-05,2.69636448527e-05,0.999999997864
3.6,72,1,4.68650227459e-05,2.73394400096e-05,0.999999997804
3.65,73,1,4.7515911038e-05,2.77152350084e-05,0.999999997742
3.7,74,1,4.81667997447e-05,2.80910298663e-05,0.99999999768
3.75,75,1,4.88176889104e-05,2.84668246005e-05,0.999999997617
3.8,76,1,4.94685785781e-05,2.88426192281e-05,0.999999997553
3.85,77,1,5.01194687894e-05,2.9218413766e-05,0.999999997488
3.9,78,1,5.07703595838e-05,2.95942082309e-05,0.999999997422
3.95,79,1,5.14212509994e-05,2.99700026393e-05,0.999999997356
4,80,1,5.20721430721e-05,3.03457970075e-05,0.999999997288
4.05,81,1,5.27230358358e-05,3.07215913517e-05,0.99999999722
4.1,82,1,5.33739293222e-05,3.10973856875e-05,0.999999997151
4.15,83,1,5.40248235607e-05,3.14731800304e-05,0.999999997081
4.2,84,1,5.46757185785e-05,3.18489743955e-05,0.999999997011
4.25,85,1,5.53266144002e-05,3.22247687975e-05,0.999999996939
4.3,86,1,5.59775110479e-05,3.26005632509e-05,0.999999996867
4.35,87,1,5.66284085411e-05,3.29763577695e-05,0.999999996793
4.4,88,1,5.72793068966e-05,3.33521523669e-05,0.999999996719
4.45,89,1,5.79302061286e-05,3.3727947056e-05,0.999999996644
4.5,90,1,5.85811062485e-05,3.41037418494e-05,0.999999996568
4.55,91,1,5.92320072649e-05,3.44795367591e-05,0.999999996492
4.6,92,1,5.98829091837e-05,3.48553317967e-05,0.999999996414
4.65,93,1,6.05338120077e-05,3.52311269731e-05,0.999999996336
4.7,94,1,6.1184715737e-05,3.56069222986e-05,0.999999996256
4.75,95,1,6.1835620369e-05,3.59827177832e-05,0.999999996176
4.8,96,1,6.2486525898e-05,3.63585134359e-05,0.999999996095
4.85,97,1,6.31374323156e-05,3.67343092654e-05,0.999999996014
4.9,98,1,6.37883396107e-05,3.71101052797e-05,0.999999995931
4.95,99,1,6.44392477694e-05,3.74859014861e-05,0.999999995848
5,100,1,6.50901567749e-05,3.78616978914e-05,0.999999995763
5.05,101,1,6.5741066608e-05,3.82374945014e-05,0.999999995678
5.1,102,1,6.63919772467e-05,3.86132913217e-05,0.999999995592
5.15,103,1,6.70428886666e-05,3.8989088357e-05,0.999999995505
5.2,104,1,6.76938008408e-05,3.93648856113e-05,0.999999995418
5.25,105,1,6.83447137401e-05,3.97406830881e-05,0.999999995329
5.3,106,1,6.89956273328e-05,4.011648079e-05,0.99999999524
5.35,107,1,6.96465415852e-05,4.04922787192e-05,0.999999995149
5.4,108,1,7.02974564616e-05,4.0868076877e-05,0.999999995058
5.45,109,1,7.09483719242e-05,4.12438752642e-05,0.999999994966
5.5,110,1,7.15992879335e-05,4.16196738809e-05,0.999999994874
5.55,111,1,7.2250204448e-05,4.19954727265e-05,0.99999999478
5.6,112,1,7.29011214249e-05,4.23712718e-05,0.999999994685
5.65,113,1,7.35520388198e-05,4.27470710995e-05,0.99999999459
5.7,114,1,7.42029565871e-05,4.31228706225e-05,0.999999994494
5.75,115,1,7.485387468e-05,4.34986703662e-05,0.999999994397
5.8,116,1,7.55047930506e-05,4.3874470327e-05,0.999999994299
5.85,117,1,7.61557116501e-05,4.42502705007e-05,0.9999999942
5.9,118,1,7.68066304292e-05,4.46260708827e-05,0.999999994101
5.95,119,1,7.74575493379e-05,4.50018714677e-05,0.999999994
6,120,1,7.81084683258e-05,4.537767225e-05,0.999999993899
6.05,121,1,7.87593873421e-05,4.57534732236e-05,0.999999993797
6.1,122,1,7.94103063363e-05,4.61292743816e-05,0.999999993694
6.15,123,1,8.00612252576e-05,4.65050757171e-05,0.99999999359
6.2,124,1,8.07121440556e-05,4.68808772225e-05,0.999999993486
6.25,125,1,8.13630626803e-05,4.72566788899e-05,0.99999999338
6.3,126,1,8.20139810823e-05,4.76324807112e-05,0.999999993274
6.35,127,1,8.26648992126e-05,4.80082826776e-05,0.999999993167
6.4,128,1,8.33158170236e-05,4.83840847804e-05,0.999999993058
6.45,129,1,8.39667344681e-05,4.87598870102e-05,0.99999999295
6.5,130,1,8.46176515006e-05,4.91356893578e-05,0.99999999284
6.55,131,1,8.52685680766e-05,4.95114918135e-05,0.999999992729
6.6,132,1,8.5919484153e-05,4.98872943673e-05,0.999999992618
6.65,133,1,8.65703996884e-05,5.02630970093e-05,0.999999992506
6.7,134,1,8.72213146431e-05,5.06388997293e-05,0.999999992392
6.75,135,1,8.78722289793e-05,5.10147025171e-05,0.999999992278
6.8,136,1,8.8523142661e-05,5.13905053622e-05,0.999999992164
6.85,137,1,8.91740556544e-05,5.17663082545e-05,0.999999992048
6.9,138,1,8.98249679277e-05,5.21421111833e-05,0.999999991931
6.95,139,1,9.04758794515e-05,5.25179141383e-05,0.999999991814
7,140,1,9.11267901988e-05,5.28937171092e-05,0.999999991696
7.05,141,1,9.17777001449e-05,5.32695200857e-05,0.999999991577
7.1,142,1,9.24286092678e-05,5.36453230574e-05,0.999999991457
7.15,143,1,9.3079517548e-05,5.40211260145e-05,0.999999991336
7.2,144,1,9.37304249686e-05,5.43969289469e-05,0.999999991215
7.25,145,1,9.43813315156e-05,5.47727318449e-05,0.999999991092
7.3,146,1,9.50322371774e-05,5.51485346988e-05,0.999999990969
7.35,147,1,9.56831419456e-05,5.55243374995e-05,0.999999990845
7.4,148,1,9.63340458144e-05,5.59001402377e-05,0.99999999072
7.45,149,1,9.69849487809e-05,5.62759429047e-05,0.999999990594
7.5,150,1,9.76358508449e-05,5.66517454919e-05,0.999999990467
7.55,151,1,9.82867520093e-05,5.70275479912e-05,0.99999999034
7.6,152,1,9.89376522796e-05,5.74033503946e-05,0.999999990211
7.65,153,1,9.95885516642e-05,5.77791526946e-05,0.999999990082
7.7,154,1,0.000100239450174,5.81549548841e-05,0.999999989952
7.75,155,1,0.000100890347824,5.85307569562e-05,0.999999989821
7.8,156,1,0.000101541244629,5.89065589047e-05,0.999999989689
7.85,157,1,0.00010219214061,5.92823607235e-05,0.999999989557
7.9,158,1,0.000102843035789,5.96581624071e-05,0.999999989423
7.95,159,1,0.000103493930189,6.00339639504e-05,0.999999989289
8,160,1,0.000104144823838,6.04097653489e-05,0.999999989154
8.05,161,1,0.000104795716764,6.07855665982e-05,0.999999989018
8.1,162,1,0.000105446609001,6.11613676947e-05,0.999999988881
8.15,163,1,0.00010609750058,6.15371686352e-05,0.999999988743
8.2,164,1,0.000106748391538,6.19129694168e-05,0.999999988605
8.25,165,1,0.000107399281913,6.22887700372e-05,0.999999988465
8.3,166,1,0.000108050171744,6.26645704947e-05,0.999999988325
8.35,167,1,0.000108701061072,6.30403707879e-05,0.999999988184
8.4,168,1,0.00010935194994,6.34161709159e-05,0.999999988042
8.45,169,1,0.000110002838393,6.37919708784e-05,0.999999987899
8.5,170,1,0.000110653726476,6.41677706755e-05,0.999999987756
8.55,171,1,0.000111304614235,6.45435703077e-05,0.999999987611
8.6,172,1,0.00011195550172,6.4919369776e-05,0.999999987466
8.65,173,1,0.000112606388977,6.5295169082e-05,0.99999998732
8.7,174,1,0.000113257276057,6.56709682275e-05,0.999999987173
8.75,175,1,0.000113908163008,6.6046767215e-05,0.999999987025
8.8,176,1,0.000114559049883,6.64225660472e-05,0.999999986876
8.85,177,1,0.000115209936731,6.67983647273e-05,0.999999986727
8.9,178,1,0.000115860823602,6.7174163259e-05,0.999999986576
8.95,179,1,0.000116511710547,6.75499616462e-05,0.999999986425
9,180,1,0.000117162597617,6.79257598933e-05,0.999999986273
9.05,181,1,0.000117813484861,6.8301558005e-05,0.99999998612
9.1,182,1,0.000118464372328,6.86773559864e-05,0.999999985966
9.15,183,1,0.000119115260067,6.90531538428e-05,0.999999985812
9.2,184,1,0.000119766148126,6.94289515799e-05,0.999999985656
9.25,185,1,0.000120417036551,6.98047492038e-05,0.9999999855
9.3,186,1,0.000121067925389,7.01805467206e-05,0.999999985343
9.35,187,1,0.000121718814682,7.05563441368e-05,0.999999985185
9.4,188,1,0.000122369704474,7.0932141459e-05,0.999999985026
9.45,189,1,0.000123020594806,7.13079386942e-05,0.999999984866
9.5,190,1,0.000123671485718,7.16837358495e-05,0.999999984705
9.55,191,1,0.000124322377247,7.2059532932e-05,0.999999984544
9.6,192,1,0.000124973269428,7.24353299492e-05,0.999999984382
9.65,193,1,0.000125624162296,7.28111269084e-05,0.999999984219
9.7,194,1,0.000126275055882,7.31869238173e-05,0.999999984055
9.75,195,1,0.000126925950215,7.35627206835e-05,0.99999998389
9.8,196,1,0.000127576845321,7.39385175146e-05,0.999999983724
9.85,197,1,0.000128227741225,7.43143143183e-05,0.999999983558
9.9,198,1,0.000128878637949,7.46901111023e-05,0.99999998339
9.95,199,1,0.000129529535513,7.50659078742e-05,0.999999983222
10,200,1,0.000130180433931,7.54417046417e-05,0.999999983053
10.05,201,1,0.00013083133322,7.58175014123e-05,0.999999982883
10.1,202,1,0.000131482233388,7.61932981934e-05,0.999999982712
10.15,203,1,0.000132133134446,7.65690949925e-05,0.999999982541
10.2,204,1,0.000132784036398,7.69448918166e-05,0.999999982368
10.25,205,1,0.000133434939247,7.73206886728e-05,0.999999982195
10.3,206,1,0.000134085842993,7.7696485568e-05,0.999999982021
10.35,207,1,0.000134736747632,7.80722825089e-05,0.999999981846
10.4,208,1,0.00013538765316,7.8448079502e-05,0.99999998167
10.45,209,1,0.000136038559567,7.88238765536e-05,0.999999981494
10.5,210,1,0.000136689466842,7.91996736696e-05,0.999999981316
10.55,211,1,0.000137340374971,7.95754708558e-05,0.999999981138
10.6,212,1,0.000137991283937,7.99512681176e-05,0.999999980958
10.65,213,1,0.000138642193721,8.03270654604e-05,0.999999980778
10.7,214,1,0.0001392931043,8.07028628889e-05,0.999999980597
10.75,215,1,0.00013994401565,8.10786604078e-05,0.999999980416
10.8,216,1,0.000140594927744,8.14544580214e-05,0.999999980233
10.85,217,1,0.000141245840552,8.18302557335e-05,0.99999998005
10.9,218,1,0.000141896754043,8.22060535478e-05,0.999999979865
10.95,219,1,0.000142547668184,8.25818514674e-05,0.99999997968
11,220,1,0.000143198582937,8.29576494954e-05,0.999999979494
11.05,221,1,0.000143849498266,8.33334476342e-05,0.999999979307
11.1,222,1,0.000144500414132,8.37092458861e-05,0.99999997912
11.15,223,1,0.000145151330492,8.40850442527e-05,0.999999978931
11.2,224,1,0.000145802247304,8.44608427356e-05,0.999999978742
11.25,225,1,0.000146453164523,8.48366413357e-05,0.999999978551
11.3,226,1,0.000147104082105,8.52124400539e-05,0.99999997836
11.35,227,1,0.000147755000003,8.55882388904e-05,0.999999978168
11.4,228,1,0.000148405918168,8.59640378451e-05,0.999999977976
11.45,229,1,0.000149056836554,8.63398369176e-05,0.999999977782
11.5,230,1,0.000149707755109,8.67156361073e-05,0.999999977588
11.55,231,1,0.000150358673785,8.70914354129e-05,0.999999977392
11.6,232,1,0.000151009592532,8.74672348329e-05,0.999999977196
11.65,233,1,0.000151660511299,8.78430343656e-05,0.999999976999
11.7,234,1,0.000152311430036,8.82188340089e-05,0.999999976801
11.75,235,1,0.000152962348693,8.85946337601e-05,0.999999976603
11.8,236,1,0.00015361326722,8.89704336166e-05,0.999999976403
11.85,237,1,0.000154264185567,8.93462335753e-05,0.999999976203
11.9,238,1,0.000154915103685,8.97220336328e-05,0.999999976001
11.95,239,1,0.000155566021527,9.00978337854e-05,0.999999975799
12,240,1,0.000156216939045,9.04736340292e-05,0.999999975596
12.05,241,1,0.000156867856192,9.08494343601e-05,0.999999975392
12.1,242,1,0.000157518772923,9.12252347736e-05,0.999999975188
12.15,243,1,0.000158169689195,9.16010352651e-05,0.999999974982
12.2,244,1,0.000158820604966,9.19768358298e-05,0.999999974776
12.25,245,1,0.000159471520194,9.23526364627e-05,0.999999974569
12.3,246,1,0.00016012243484,9.27284371585e-05,0.999999974361
12.35,247,1,0.000160773348868,9.31042379119e-05,0.999999974152
12.4,248,1,0.000161424262242,9.34800387175e-05,0.999999973942
12.45,249,1,0.000162075174929,9.38558395696e-05,0.999999973732
12.5,250,1,0.000162726086898,9.42316404625e-05,0.99999997352
12.55,251,1,0.000163376998121,9.46074413905e-05,0.999999973308
12.6,252,1,0.000164027908571,9.49832423476e-05,0.999999973095
12.65,253,1,0.000164678818225,9.5359043328e-05,0.999999972881
12.7,254,1,0.00016532972706,9.57348443257e-05,0.999999972666
12.75,255,1,0.000165980635059,9.61106453349e-05,0.99999997245
12.8,256,1,0.000166631542205,9.64864463495e-05,0.999999972234
12.85,257,1,0.000167282448486,9.68622473637e-05,0.999999972017
12.9,258,1,0.00016793335389,9.72380483715e-05,0.999999971798
12.95,259,1,0.000168584258409,9.76138493672e-05,0.999999971579
13,260,1,0.000169235162039,9.79896503451e-05,0.999999971359
13.05,261,1,0.000169886064778,9.83654512995e-05,0.999999971139
13.1,262,1,0.000170536966625,9.87412522249e-05,0.999999970917
13.15,263,1,0.000171187867585,9.9117053116e-05,0.999999970695
13.2,264,1,0.000171838767665,9.94928539673e-05,0.999999970471
13.25,265,1,0.000172489666872,9.9868654774e-05,0.999999970247
13.3,266,1,0.000173140565219,0.000100244455531,0.999999970022
13.35,267,1,0.00017379146272,0.000100620256234,0.999999969797
13.4,268,1,0.000174442359393,0.000100996056877,0.99999996957
13.45,269,1,0.000175093255258,0.000101371857458,0.999999969342
13.5,270,1,0.000175744150337,0.000101747657971,0.999999969114
13.55,271,1,0.000176395044655,0.000102123458413,0.999999968885
13.6,272,1,0.000177045938239,0.00010249925878,0.999999968655
13.65,273,1,0.000177696831119,0.000102875059069,0.999999968424
13.7,274,1,0.000178347723328,0.000103250859276,0.999999968192
13.75,275,1,0.000178998614899,0.0001036266594,0.999999967959
13.8,276,1,0.000179649505868,0.000104002459437,0.999999967726
13.85,277,1,0.000180300396273,0.000104378259385,0.999999967492
13.9,278,1,0.000180951286155,0.000104754059242,0.999999967257
13.95,279,1,0.000181602175554,0.000105129859006,0.999999967021
14,280,1,0.000182253064514,0.000105505658676,0.999999966784
14.05,281,1,0.00018290395308,0.000105881458252,0.999999966546
14.1,282,1,0.000183554841295,0.000106257257731,0.999999966308
14.15,283,1,0.000184205729209,0.000106633057114,0.999999966068
14.2,284,1,0.000184856616868,0.0001070088564,0.999999965828
14.25,285,1,0.00018550750432,0.00010738465559,0.999999965587
14.3,286,1,0.000186158391616,0.000107760454684,0.999999965345
14.35,287,1,0.000186809278804,0.000108136253682,0.999999965102
14.4,288,1,0.000187460165935,0.000108512052586,0.999999964859
14.45,289,1,0.00018811105306,0.000108887851396,0.999999964614
14.5,290,1,0.000188761940227,0.000109263650115,0.999999964369
14.55,291,1,0.000189412827488,0.000109639448745,0.999999964123
14.6,292,1,0.000190063714893,0.000110015247286,0.999999963876
14.65,293,1,0.000190714602489,0.000110391045742,0.999999963628
14.7,294,1,0.000191365490327,0.000110766844115,0.999999963379
14.75,295,1,0.000192016378455,0.000111142642408,0.99999996313
14.8,296,1,0.000192667266919,0.000111518440624,0.999999962879
14.85,297,1,0.000193318155764,0.000111894238766,0.999999962628
14.9,298,1,0.000193969045037,0.000112270036838,0.999999962376
14.95,299,1,0.00019461993478,0.000112645834843,0.999999962123
15,300,1,0.000195270825035,0.000113021632786,0.999999961869
15.05,301,1,0.000195921715843,0.000113397430669,0.999999961615
15.1,302,1,0.000196572607241,0.000113773228498,0.999999961359
15.15,303,1,0.000197223499266,0.000114149026277,0.999999961103
15.2,304,1,0.000197874391954,0.00011452482401,0.999999960846
15.25,305,1,0.000198525285335,0.000114900621701,0.999999960588
15.3,306,1,0.00019917617944,0.000115276419355,0.999999960329
15.35,307,1,0.000199827074298,0.000115652216977,0.999999960069
15.4,308,1,0.000200477969932,0.000116028014572,0.999999959809
15.45,309,1,0.000201128866367,0.000116403812145,0.999999959547
15.5,310,1,0.000201779763623,0.0001167796097,0.999999959285
15.55,311,1,0.000202430661716,0.000117155407242,0.999999959022
15.6,312,1,0.000203081560663,0.000117531204776,0.999999958758
15.65,313,1,0.000203732460475,0.000117907002307,0.999999958493
15.7,314,1,0.000204383361161,0.00011828279984,0.999999958227
15.75,315,1,0.000205034262729,0.00011865859738,0.999999957961
15.8,316,1,0.000205685165181,0.000119034394931,0.999999957694
15.85,317,1,0.000206336068519,0.000119410192499,0.999999957425
15.9,318,1,0.00020698697274,0.000119785990086,0.999999957156
15.95,319,1,0.00020763787784,0.0001201617877,0.999999956887
16,320,1,0.000208288783811,0.000120537585342,0.999999956616
16.05,321,1,0.000208939690642,0.000120913383019,0.999999956344
16.1,322,1,0.00020959059832,0.000121289180733,0.999999956072
16.15,323,1,0.000210241506828,0.00012166497849,0.999999955799
16.2,324,1,0.000210892416149,0.000122040776292,0.999999955524
16.25,325,1,0.000211543326259,0.000122416574144,0.999999955249
16.3,326,1,0.000212194237136,0.000122792372048,0.999999954974
16.35,327,1,0.000212845148753,0.000123168170009,0.999999954697
16.4,328,1,0.00021349606108,0.000123543968028,0.999999954419
16.45,329,1,0.000214146974087,0.00012391976611,0.999999954141
16.5,330,1,0.00021479788774,0.000124295564256,0.999999953862
16.55,331,1,0.000215448802002,0.00012467136247,0.999999953582
16.6,332,1,0.000216099716838,0.000125047160752,0.999999953301
16.65,333,1,0.000216750632206,0.000125422959106,0.999999953019
16.7,334,1,0.000217401548066,0.000125798757533,0.999999952737
16.75,335,1,0.000218052464376,0.000126174556034,0.999999952453
16.8,336,1,0.00021870338109,0.00012655035461,0.999999952169
16.85,337,1,0.000219354298163,0.000126926153263,0.999999951884
16.9,338,1,0.000220005215548,0.000127301951993,0.999999951598
16.95,339,1,0.000220656133197,0.0001276777508,0.999999951311
17,340,1,0.000221307051062,0.000128053549686,0.999999951023
17.05,341,1,0.000221957969093,0.000128429348648,0.999999950735
17.1,342,1,0.000222608887241,0.000128805147689,0.999999950445
17.15,343,1,0.000223259805454,0.000129180946806,0.999999950155
17.2,344,1,0.000223910723682,0.000129556745999,0.999999949864
17.25,345,1,0.000224561641875,0.000129932545267,0.999999949572
17.3,346,1,0.000225212559982,0.000130308344608,0.999999949279
17.35,347,1,0.000225863477953,0.000130684144022,0.999999948986
17.4,348,1,0.000226514395738,0.000131059943506,0.999999948691
17.45,349,1,0.000227165313288,0.000131435743059,0.999999948396
17.5,350,1,0.000227816230555,0.000131811542677,0.9999999481
17.55,351,1,0.000228467147491,0.00013218734236,0.999999947803
17.6,352,1,0.000229118064049,0.000132563142103,0.999999947505
17.65,353,1,0.000229768980186,0.000132938941905,0.999999947206
17.7,354,1,0.000230419895856,0.000133314741763,0.999999946907
17.75,355,1,0.000231070811018,0.000133690541673,0.999999946606
17.8,356,1,0.000231721725632,0.000134066341632,0.999999946305
17.85,357,1,0.000232372639659,0.000134442141637,0.999999946003
17.9,358,1,0.000233023553062,0.000134817941685,0.9999999457
17.95,359,1,0.000233674465807,0.00013519374177,0.999999945396
18,360,1,0.000234325377861,0.000135569541891,0.999999945092
18.05,361,1,0.000234976289194,0.000135945342043,0.999999944786
18.1,362,1,0.000235627199778,0.000136321142222,0.99999994448
18.15,363,1,0.000236278109589,0.000136696942424,0.999999944173
18.2,364,1,0.000236929018604,0.000137072742645,0.999999943865
18.25,365,1,0.000237579926802,0.000137448542882,0.999999943556
18.3,366,1,0.000238230834167,0.000137824343129,0.999999943246
18.35,367,1,0.000238881740685,0.000138200143383,0.999999942936
18.4,368,1,0.000239532646342,0.000138575943639,0.999999942624
18.45,369,1,0.000240183551132,0.000138951743895,0.999999942312
18.5,370,1,0.000240834455047,0.000139327544145,0.999999941999
18.55,371,1,0.000241485358085,0.000139703344385,0.999999941685
18.6,372,1,0.000242136260247,0.000140079144612,0.99999994137
18.65,373,1,0.000242787161535,0.000140454944821,0.999999941054
18.7,374,1,0.000243438061954,0.00014083074501,0.999999940738
18.75,375,1,0.000244088961515,0.000141206545173,0.999999940421
18.8,376,1,0.000244739860227,0.000141582345308,0.999999940102
18.85,377,1,0.000245390758107,0.00014195814541,0.999999939783
18.9,378,1,0.000246041655171,0.000142333945477,0.999999939464
18.95,379,1,0.00024669255144,0.000142709745506,0.999999939143
19,380,1,0.000247343446935,0.000143085545492,0.999999938821
19.05,381,1,0.000247994341683,0.000143461345434,0.999999938499
19.1,382,1,0.000248645235711,0.000143837145328,0.999999938176
19.15,383,1,0.000249296129049,0.000144212945172,0.999999937851
19.2,384,1,0.00024994702173,0.000144588744964,0.999999937526
19.25,385,1,0.000250597913788,0.0001449645447,0.999999937201
19.3,386,1,0.000251248805262,0.00014534034438,0.999999936874
19.35,387,1,0.000251899696188,0.000145716144,0.999999936547
19.4,388,1,0.000252550586608,0.00014609194356,0.999999936218
19.45,389,1,0.000253201476564,0.000146467743059,0.999999935889
19.5,390,1,0.0002538523661,0.000146843542494,0.999999935559
19.55,391,1,0.000254503255261,0.000147219341865,0.999999935228
19.6,392,1,0.000255154144093,0.000147595141171,0.999999934896
19.65,393,1,0.000255805032645,0.000147970940411,0.999999934564
19.7,394,1,0.000256455920965,0.000148346739586,0.99999993423
19.75,395,1,0.000257106809101,0.000148722538695,0.999999933896
19.8,396,1,0.000257757697104,0.000149098337737,0.999999933561
19.85,397,1,0.000258408585024,0.000149474136714,0.999999933225
19.9,398,1,0.000259059472912,0.000149849935626,0.999999932888
19.95,399,1,0.000259710360818,0.000150225734474,0.999999932551
20,400,1,0.000260361248792,0.000150601533258,0.999999932212
20.05,401,1,0.000261012136886,0.00015097733198,0.999999931873
20.1,402,1,0.000261663025149,0.000151353130641,0.999999931532
20.15,403,1,0.000262313913629,0.000151728929242,0.999999931191
20.2,404,1,0.000262964802376,0.000152104727786,0.99999993085
20.25,405,1,0.000263615691437,0.000152480526274,0.999999930507
20.3,406,1,0.000264266580859,0.000152856324708,0.999999930163
20.35,407,1,0.000264917470686,0.000153232123091,0.999999929819
20.4,408,1,0.000265568360963,0.000153607921424,0.999999929473
20.45,409,1,0.000266219251732,0.000153983719712,0.999999929127
20.5,410,1,0.000266870143033,0.000154359517955,0.99999992878
20.55,411,1,0.000267521034905,0.000154735316157,0.999999928432
20.6,412,1,0.000268171927385,0.000155111114322,0.999999928084
20.65,413,1,0.000268822820507,0.000155486912451,0.999999927734
20.7,414,1,0.000269473714304,0.000155862710549,0.999999927384
20.75,415,1,0.000270124608805,0.000156238508618,0.999999927033
20.8,416,1,0.00027077550404,0.000156614306662,0.999999926681
20.85,417,1,0.000271426400032,0.000156990104684,0.999999926328
20.9,418,1,0.000272077296805,0.000157365902687,0.999999925974
20.95,419,1,0.000272728194378,0.000157741700676,0.999999925619
21,420,1,0.000273379092768,0.000158117498653,0.999999925264
21.05,421,1,0.00027402999199,0.000158493296622,0.999999924908
21.1,422,1,0.000274680892055,0.000158869094587,0.99999992455
21.15,423,1,0.000275331792972,0.000159244892551,0.999999924192
21.2,424,1,0.000275982694747,0.000159620690518,0.999999923834
21.25,425,1,0.000276633597382,0.00015999648849,0.999999923474
21.3,426,1,0.000277284500877,0.000160372286473,0.999999923113
21.35,427,1,0.00027793540523,0.000160748084468,0.999999922752
21.4,428,1,0.000278586310433,0.000161123882479,0.99999992239
21.45,429,1,0.000279237216478,0.00016149968051,0.999999922027
21.5,430,1,0.000279888123353,0.000161875478563,0.999999921663
21.55,431,1,0.000280539031044,0.000162251276643,0.999999921298
21.6,432,1,0.000281189939533,0.00016262707475,0.999999920932
21.65,433,1,0.0002818408488,0.00016300287289,0.999999920566
21.7,434,1,0.000282491758822,0.000163378671063,0.999999920198
21.75,435,1,0.000283142669574,0.000163754469274,0.99999991983
21.8,436,1,0.000283793581027,0.000164130267523,0.999999919461
21.85,437,1,0.000284444493152,0.000164506065814,0.999999919091
21.9,438,1,0.000285095405916,0.000164881864149,0.999999918721
21.95,439,1,0.000285746319284,0.00016525766253,0.999999918349
22,440,1,0.00028639723322,0.000165633460957,0.999999917977
22.05,441,1,0.000287048147684,0.000166009259435,0.999999917603
22.1,442,1,0.000287699062637,0.000166385057962,0.999999917229
22.15,443,1,0.000288349978036,0.000166760856542,0.999999916854
22.2,444,1,0.000289000893837,0.000167136655174,0.999999916478
22.25,445,1,0.000289651809997,0.000167512453861,0.999999916102
22.3,446,1,0.000290302726467,0.000167888252602,0.999999915724
22.35,447,1,0.000290953643202,0.000168264051398,0.999999915346
22.4,448,1,0.000291604560153,0.000168639850249,0.999999914967
22.45,449,1,0.000292255477271,0.000169015649157,0.999999914587
22.5,450,1,0.000292906394507,0.00016939144812,0.999999914206
22.55,451,1,0.000293557311811,0.000169767247138,0.999999913824
22.6,452,1,0.000294208229133,0.000170143046211,0.999999913442
22.65,453,1,0.000294859146424,0.000170518845338,0.999999913058
22.7,454,1,0.000295510063633,0.00017089464452,0.999999912674
22.75,455,1,0.00029616098071,0.000171270443753,0.999999912289
22.8,456,1,0.000296811897608,0.000171646243038,0.999999911903
22.85,457,1,0.000297462814277,0.000172022042374,0.999999911516
22.9,458,1,0.00029811373067,0.000172397841757,0.999999911128
22.95,459,1,0.000298764646741,0.000172773641188,0.99999991074
23,460,1,0.000299415562442,0.000173149440664,0.99999991035
23.05,461,1,0.000300066477732,0.000173525240184,0.99999990996
23.1,462,1,0.000300717392566,0.000173901039744,0.999999909569
23.15,463,1,0.000301368306904,0.000174276839344,0.999999909177
23.2,464,1,0.000302019220705,0.00017465263898,0.999999908784
23.25,465,1,0.000302670133933,0.00017502843865,0.999999908391
23.3,466,1,0.000303321046552,0.000175404238352,0.999999907996
23.35,467,1,0.000303971958528,0.000175780038083,0.999999907601
23.4,468,1,0.00030462286983,0.00017615583784,0.999999907205
23.45,469,1,0.000305273780429,0.000176531637621,0.999999906808
23.5,470,1,0.000305924690298,0.000176907437422,0.99999990641
23.55,471,1,0.000306575599414,0.000177283237241,0.999999906011
23.6,472,1,0.000307226507754,0.000177659037075,0.999999905612
23.65,473,1,0.000307877415301,0.00017803483692,0.999999905211
23.7,474,1,0.000308528322037,0.000178410636773,0.99999990481
23.75,475,1,0.000309179227949,0.000178786436633,0.999999904408
23.8,476,1,0.000309830133028,0.000179162236494,0.999999904005
23.85,477,1,0.000310481037265,0.000179538036355,0.999999903602
23.9,478,1,0.000311131940655,0.000179913836212,0.999999903197
23.95,479,1,0.000311782843197,0.000180289636062,0.999999902791
24,480,1,0.000312433744892,0.000180665435903,0.999999902385
24.05,481,1,0.000313084645743,0.000181041235731,0.999999901978
24.1,482,1,0.000313735545757,0.000181417035543,0.99999990157
24.15,483,1,0.000314386444944,0.000181792835337,0.999999901161
24.2,484,1,0.000315037343317,0.000182168635109,0.999999900751
24.25,485,1,0.00031568824089,0.000182544434858,0.999999900341
24.3,486,1,0.000316339137682,0.00018292023458,0.99999989993
24.35,487,1,0.000316990033712,0.000183296034273,0.999999899517
24.4,488,1,0.000317640929005,0.000183671833935,0.999999899104
24.45,489,1,0.000318291823585,0.000184047633564,0.99999989869
24.5,490,1,0.000318942717481,0.000184423433156,0.999999898276
24.55,491,1,0.000319593610723,0.000184799232711,0.99999989786
24.6,492,1,0.000320244503344,0.000185175032226,0.999999897443
24.65,493,1,0.000320895395378,0.0001855508317,0.999999897026
24.7,494,1,0.000321546286862,0.000185926631131,0.999999896608
24.75,495,1,0.000322197177835,0.000186302430518,0.999999896189
24.8,496,1,0.000322848068336,0.000186678229859,0.999999895769
24.85,497,1,0.000323498958407,0.000187054029153,0.999999895348
24.9,498,1,0.000324149848092,0.000187429828399,0.999999894927
24.95,499,1,0.000324800737436,0.000187805627596,0.999999894504
25,500,1,0.000325451626483,0.000188181426745,0.999999894081
25.05,501,1,0.00032610251528,0.000188557225844,0.999999893657
25.1,502,1,0.000326753403876,0.000188933024892,0.999999893232
25.15,503,1,0.000327404292318,0.000189308823891,0.999999892806
25.2,504,1,0.000328055180654,0.00018968462284,0.99999989238
25.25,505,1,0.000328706068934,0.000190060421738,0.999999891952
25.3,506,1,0.000329356957206,0.000190436220587,0.999999891524
25.35,507,1,0.000330007845521,0.000190812019388,0.999999891095
25.4,508,1,0.000330658733926,0.00019118781814,0.999999890665
25.45,509,1,0.000331309622471,0.000191563616844,0.999999890234
25.5,510,1,0.000331960511203,0.000191939415502,0.999999889802
25.55,511,1,0.00033261140017,0.000192315214115,0.99999988937
25.6,512,1,0.000333262289419,0.000192691012684,0.999999888936
25.65,513,1,0.000333913178996,0.00019306681121,0.999999888502
25.7,514,1,0.000334564068944,0.000193442609695,0.999999888067
25.75,515,1,0.000335214959308,0.000193818408141,0.999999887631
25.8,516,1,0.000335865850129,0.00019419420655,0.999999887194
25.85,517,1,0.000336516741447,0.000194570004923,0.999999886756
25.9,518,1,0.000337167633302,0.000194945803263,0.999999886318
25.95,519,1,0.00033781852573,0.000195321601572,0.999999885879
26,520,1,0.000338469418765,0.000195697399851,0.999999885438
26.05,521,1,0.000339120312441,0.000196073198105,0.999999884997
26.1,522,1,0.000339771206788,0.000196448996333,0.999999884556
26.15,523,1,0.000340422101835,0.000196824794541,0.999999884113
26.2,524,1,0.000341072997607,0.000197200592729,0.999999883669
26.25,525,1,0.000341723894128,0.000197576390901,0.999999883225
26.3,526,1,0.000342374791419,0.000197952189058,0.99999988278
26.35,527,1,0.000343025689498,0.000198327987205,0.999999882333
26.4,528,1,0.000343676588381,0.000198703785343,0.999999881886
26.45,529,1,0.000344327488081,0.000199079583476,0.999999881439
26.5,530,1,0.000344978388608,0.000199455381605,0.99999988099
26.55,531,1,0.000345629289969,0.000199831179735,0.99999988054
26.6,532,1,0.000346280192171,0.000200206977866,0.99999988009
26.65,533,1,0.000346931095214,0.000200582776003,0.999999879639
26.7,534,1,0.000347581999097,0.000200958574148,0.999999879187
26.75,535,1,0.000348232903818,0.000201334372304,0.999999878734
26.8,536,1,0.000348883809369,0.000201710170473,0.99999987828
26.85,537,1,0.000349534715741,0.000202085968657,0.999999877825
26.9,538,1,0.000350185622923,0.000202461766859,0.99999987737
26.95,539,1,0.000350836530899,0.000202837565083,0.999999876914
27,540,1,0.000351487439653,0.000203213363329,0.999999876457
27.05,541,1,0.000352138349163,0.0002035891616,0.999999875999
27.1,542,1,0.000352789259409,0.000203964959899,0.99999987554
27.15,543,1,0.000353440170364,0.000204340758227,0.99999987508
27.2,544,1,0.000354091082001,0.000204716556586,0.99999987462
27.25,545,1,0.000354741994291,0.000205092354978,0.999999874158
27.3,546,1,0.000355392907201,0.000205468153406,0.999999873696
27.35,547,1,0.000356043820698,0.00020584395187,0.999999873233
27.4,548,1,0.000356694734746,0.000206219750372,0.999999872769
27.45,549,1,0.000357345649307,0.000206595548913,0.999999872304
27.5,550,1,0.000357996564341,0.000206971347495,0.999999871838
27.55,551,1,0.000358647479809,0.000207347146119,0.999999871372
27.6,552,1,0.000359298395667,0.000207722944785,0.999999870905
27.65,553,1,0.000359949311872,0.000208098743494,0.999999870436
27.7,554,1,0.00036060022838,0.000208474542247,0.999999869967
27.75,555,1,0.000361251145145,0.000208850341045,0.999999869498
27.8,556,1,0.000361902062121,0.000209226139887,0.999999869027
27.85,557,1,0.00036255297926,0.000209601938775,0.999999868555
27.9,558,1,0.000363203896514,0.000209977737707,0.999999868083
27.95,559,1,0.000363854813837,0.000210353536684,0.99999986761
28,560,1,0.000364505731179,0.000210729335706,0.999999867136
28.05,561,1,0.000365156648492,0.000211105134772,0.999999866661
28.1,562,1,0.000365807565727,0.000211480933882,0.999999866185
28.15,563,1,0.000366458482837,0.000211856733034,0.999999865708
28.2,564,1,0.000367109399774,0.000212232532229,0.999999865231
28.25,565,1,0.00036776031649,0.000212608331465,0.999999864752
28.3,566,1,0.00036841123294,0.000212984130741,0.999999864273
28.35,567,1,0.000369062149078,0.000213359930056,0.999999863793
28.4,568,1,0.000369713064859,0.000213735729408,0.999999863312
28.45,569,1,0.00037036398024,0.000214111528796,0.999999862831
28.5,570,1,0.000371014895181,0.000214487328218,0.999999862348
28.55,571,1,0.000371665809639,0.000214863127674,0.999999861865
28.6,572,1,0.000372316723577,0.00021523892716,0.99999986138
28.65,573,1,0.000372967636958,0.000215614726675,0.999999860895
28.7,574,1,0.000373618549747,0.000215990526217,0.999999860409
28.75,575,1,0.000374269461911,0.000216366325784,0.999999859922
28.8,576,1,0.000374920373419,0.000216742125373,0.999999859435
28.85,577,1,0.000375571284242,0.000217117924984,0.999999858946
28.9,578,1,0.000376222194354,0.000217493724612,0.999999858457
28.95,579,1,0.000376873103731,0.000217869524257,0.999999857967
29,580,1,0.000377524012349,0.000218245323915,0.999999857476
29.05,581,1,0.00037817492019,0.000218621123584,0.999999856984
29.1,582,1,0.000378825827237,0.000218996923262,0.999999856491
29.15,583,1,0.000379476733474,0.000219372722947,0.999999855997
29.2,584,1,0.000380127638889,0.000219748522635,0.999999855503
29.25,585,1,0.000380778543474,0.000220124322325,0.999999855008
29.3,586,1,0.000381429447221,0.000220500122013,0.999999854512
29.35,587,1,0.000382080350127,0.000220875921698,0.999999854015
29.4,588,1,0.000382731252189,0.000221251721376,0.999999853517
29.45,589,1,0.00038338215341,0.000221627521047,0.999999853018
29.5,590,1,0.000384033053793,0.000222003320706,0.999999852519
29.55,591,1,0.000384683953346,0.000222379120352,0.999999852018
29.6,592,1,0.00038533485208,0.000222754919982,0.999999851517
29.65,593,1,0.000385985750006,0.000223130719595,0.999999851015
29.7,594,1,0.00038663664714,0.000223506519188,0.999999850512
29.75,595,1,0.000387287543501,0.000223882318758,0.999999850008
29.8,596,1,0.00038793843911,0.000224258118305,0.999999849504
29.85,597,1,0.00038858933399,0.000224633917825,0.999999848998
29.9,598,1,0.000389240228166,0.000225009717317,0.999999848492
29.95,599,1,0.000389891121668,0.00022538551678,0.999999847985
30,600,1,0.000390542014525,0.000225761316211,0.999999847477
30.05,601,1,0.000391192906769,0.000226137115609,0.999999846968
30.1,602,1,0.000391843798435,0.000226512914973,0.999999846458
30.15,603,1,0.000392494689558,0.000226888714301,0.999999845948
30.2,604,1,0.000393145580176,0.000227264513593,0.999999845437
30.25,605,1,0.000393796470327,0.000227640312846,0.999999844924
30.3,606,1,0.000394447360053,0.00022801611206,0.999999844411
30.35,607,1,0.000395098249394,0.000228391911234,0.999999843897
30.4,608,1,0.000395749138392,0.000228767710368,0.999999843383
30.45,609,1,0.000396400027093,0.000229143509461,0.999999842867
30.5,610,1,0.000397050915539,0.000229519308512,0.999999842351
30.55,611,1,0.000397701803777,0.000229895107522,0.999999841833
30.6,612,1,0.000398352691852,0.000230270906489,0.999999841315
30.65,613,1,0.000399003579811,0.000230646705414,0.999999840796
30.7,614,1,0.000399654467701,0.000231022504297,0.999999840276
30.75,615,1,0.00040030535557,0.000231398303138,0.999999839756
30.8,616,1,0.000400956243465,0.000231774101938,0.999999839234
30.85,617,1,0.000401607131434,0.000232149900697,0.999999838712
30.9,618,1,0.000402258019525,0.000232525699415,0.999999838188
30.95,619,1,0.000402908907786,0.000232901498093,0.999999837664
31,620,1,0.000403559796262,0.000233277296733,0.999999837139
31.05,621,1,0.000404210685001,0.000233653095335,0.999999836614
31.1,622,1,0.000404861574047,0.000234028893901,0.999999836087
31.15,623,1,0.000405512463445,0.00023440469243,0.99999983556
31.2,624,1,0.000406163353238,0.000234780490926,0.999999835031
31.25,625,1,0.000406814243467,0.000235156289389,0.999999834502
31.3,626,1,0.000407465134173,0.00023553208782,0.999999833972
31.35,627,1,0.000408116025393,0.000235907886222,0.999999833441
31.4,628,1,0.000408766917164,0.000236283684596,0.99999983291
31.45,629,1,0.00040941780952,0.000236659482944,0.999999832377
31.5,630,1,0.000410068702493,0.000237035281267,0.999999831844
31.55,631,1,0.000410719596113,0.000237411079568,0.999999831309
31.6,632,1,0.000411370490408,0.000237786877849,0.999999830774
31.65,633,1,0.000412021385404,0.000238162676112,0.999999830238
31.7,634,1,0.000412672281123,0.000238538474358,0.999999829702
31.75,635,1,0.000413323177588,0.00023891427259,0.999999829164
31.8,636,1,0.000413974074816,0.00023929007081,0.999999828625
31.85,637,1,0.000414624972825,0.000239665869021,0.999999828086
31.9,638,1,0.000415275871629,0.000240041667224,0.999999827546
31.95,639,1,0.00041592677124,0.000240417465421,0.999999827005
32,640,1,0.000416577671669,0.000240793263616,0.999999826463
32.05,641,1,0.000417228572922,0.00024116906181,0.99999982592
32.1,642,1,0.000417879475006,0.000241544860005,0.999999825377
32.15,643,1,0.000418530377923,0.000241920658204,0.999999824832
32.2,644,1,0.000419181281675,0.000242296456409,0.999999824287
32.25,645,1,0.00041983218626,0.000242672254622,0.999999823741
32.3,646,1,0.000420483091673,0.000243048052845,0.999999823194
32.35,647,1,0.000421133997908,0.000243423851081,0.999999822646
32.4,648,1,0.000421784904954,0.000243799649331,0.999999822098
32.45,649,1,0.0004224358128,0.000244175447597,0.999999821548
32.5,650,1,0.000423086721431,0.000244551245882,0.999999820998
32.55,651,1,0.000423737630827,0.000244927044188,0.999999820446
32.6,652,1,0.000424388540969,0.000245302842516,0.999999819894
32.65,653,1,0.000425039451832,0.000245678640868,0.999999819341
32.7,654,1,0.000425690363391,0.000246054439245,0.999999818788
32.75,655,1,0.000426341275617,0.00024643023765,0.999999818233
32.8,656,1,0.000426992188477,0.000246806036084,0.999999817678
32.85,657,1,0.000427643101939,0.000247181834548,0.999999817121
32.9,658,1,0.000428294015966,0.000247557633044,0.999999816564
32.95,659,1,0.00042894493052,0.000247933431572,0.999999816006
33,660,1,0.000429595845563,0.000248309230135,0.999999815447
33.05,661,1,0.000430246761052,0.000248685028732,0.999999814888
33.1,662,1,0.000430897676945,0.000249060827365,0.999999814327
33.15,663,1,0.0004315485932,0.000249436626034,0.999999813766
33.2,664,1,0.000432199509772,0.00024981242474,0.999999813204
33.25,665,1,0.000432850426616,0.000250188223484,0.999999812641
33.3,666,1,0.000433501343688,0.000250564022265,0.999999812077
33.35,667,1,0.000434152260941,0.000250939821085,0.999999811512
33.4,668,1,0.00043480317833,0.000251315619943,0.999999810946
33.45,669,1,0.000435454095811,0.000251691418839,0.99999981038
33.5,670,1,0.000436105013336,0.000252067217773,0.999999809812
33.55,671,1,0.000436755930862,0.000252443016745,0.999999809244
33.6,672,1,0.000437406848343,0.000252818815755,0.999999808675
33.65,673,1,0.000438057765733,0.000253194614801,0.999999808105
33.7,674,1,0.000438708682989,0.000253570413885,0.999999807535
33.75,675,1,0.000439359600067,0.000253946213004,0.999999806963
33.8,676,1,0.000440010516921,0.000254322012158,0.999999806391
33.85,677,1,0.000440661433508,0.000254697811346,0.999999805818
33.9,678,1,0.000441312349786,0.000255073610567,0.999999805243
33.95,679,1,0.000441963265711,0.000255449409821,0.999999804668
34,680,1,0.000442614181241,0.000255825209106,0.999999804093
34.05,681,1,0.000443265096334,0.00025620100842,0.999999803516
34.1,682,1,0.00044391601095,0.000256576807762,0.999999802939
34.15,683,1,0.000444566925049,0.000256952607131,0.99999980236
34.2,684,1,0.000445217838594,0.000257328406525,0.999999801781
34.25,685,1,0.000445868751547,0.000257704205943,0.999999801201
34.3,686,1,0.000446519663873,0.000258080005383,0.99999980062
34.35,687,1,0.000447170575539,0.000258455804842,0.999999800038
34.4,688,1,0.000447821486515,0.00025883160432,0.999999799456
34.45,689,1,0.000448472396771,0.000259207403814,0.999999798873
34.5,690,1,0.000449123306283,0.000259583203323,0.999999798288
34.55,691,1,0.000449774215027,0.000259959002844,0.999999797703
34.6,692,1,0.000450425122984,0.000260334802375,0.999999797117
34.65,693,1,0.000451076030138,0.000260710601914,0.99999979653
34.7,694,1,0.000451726936474,0.000261086401459,0.999999795943
34.75,695,1,0.000452377841983,0.000261462201009,0.999999795354
34.8,696,1,0.000453028746657,0.00026183800056,0.999999794765
34.85,697,1,0.000453679650495,0.000262213800111,0.999999794175
34.9,698,1,0.000454330553494,0.00026258959966,0.999999793584
34.95,699,1,0.000454981455658,0.000262965399205,0.999999792992
35,700,1,0.000455632356993,0.000263341198743,0.999999792399
35.05,701,1,0.000456283257506,0.000263716998273,0.999999791806
35.1,702,1,0.000456934157209,0.000264092797793,0.999999791211
35.15,703,1,0.000457585056115,0.0002644685973,0.999999790616
35.2,704,1,0.000458235954238,0.000264844396794,0.99999979002
35.25,705,1,0.000458886851596,0.000265220196271,0.999999789423
35.3,706,1,0.000459537748208,0.000265595995732,0.999999788825
35.35,707,1,0.000460188644094,0.000265971795173,0.999999788226
35.4,708,1,0.000460839539276,0.000266347594593,0.999999787627
35.45,709,1,0.000461490433776,0.00026672339399,0.999999787027
35.5,710,1,0.00046214132762,0.000267099193364,0.999999786425
35.55,711,1,0.000462792220832,0.000267474992713,0.999999785823
35.6,712,1,0.000463443113439,0.000267850792035,0.99999978522
35.65,713,1,0.00046409400547,0.000268226591329,0.999999784617
35.7,714,1,0.000464744896952,0.000268602390594,0.999999784012
35.75,715,1,0.000465395787918,0.000268978189829,0.999999783407
35.8,716,1,0.000466046678398,0.000269353989033,0.999999782801
35.85,717,1,0.000466697568426,0.000269729788205,0.999999782193
35.9,718,1,0.000467348458038,0.000270105587344,0.999999781585
35.95,719,1,0.000467999347269,0.000270481386449,0.999999780977
36,720,1,0.000468650236159,0.000270857185521,0.999999780367
36.05,721,1,0.000469301124747,0.000271232984557,0.999999779756
36.1,722,1,0.000469952013075,0.000271608783558,0.999999779145
36.15,723,1,0.000470602901188,0.000271984582524,0.999999778533
36.2,724,1,0.000471253789129,0.000272360381454,0.99999977792
36.25,725,1,0.000471904676945,0.000272736180348,0.999999777306
36.3,726,1,0.000472555564684,0.000273111979207,0.999999776691
36.35,727,1,0.000473206452395,0.000273487778029,0.999999776076
36.4,728,1,0.000473857340127,0.000273863576817,0.999999775459
36.45,729,1,0.00047450822793,0.000274239375569,0.999999774842
36.5,730,1,0.000475159115854,0.000274615174286,0.999999774224
36.55,731,1,0.000475810003948,0.00027499097297,0.999999773605
36.6,732,1,0.000476460892262,0.00027536677162,0.999999772985
36.65,733,1,0.000477111780844,0.000275742570238,0.999999772364
36.7,734,1,0.00047776266974,0.000276118368824,0.999999771743
36.75,735,1,0.000478413558996,0.00027649416738,0.99999977112
36.8,736,1,0.000479064448654,0.000276869965906,0.999999770497
36.85,737,1,0.000479715338756,0.000277245764404,0.999999769873
36.9,738,1,0.000480366229341,0.000277621562875,0.999999769248
36.95,739,1,0.000481017120443,0.000277997361321,0.999999768623
37,740,1,0.000481668012097,0.000278373159742,0.999999767996
37.05,741,1,0.000482318904334,0.000278748958141,0.999999767368
37.1,742,1,0.00048296979718,0.000279124756518,0.99999976674
37.15,743,1,0.000483620690661,0.000279500554876,0.999999766111
37.2,744,1,0.000484271584799,0.000279876353216,0.999999765481
37.25,745,1,0.000484922479613,0.00028025215154,0.99999976485
37.3,746,1,0.000485573375123,0.000280627949849,0.999999764219
37.35,747,1,0.000486224271342,0.000281003748146,0.999999763586
37.4,748,1,0.000486875168283,0.000281379546431,0.999999762953
37.45,749,1,0.000487526065959,0.000281755344707,0.999999762318
37.5,750,1,0.000488176964379,0.000282131142976,0.999999761683
37.55,751,1,0.00048882786355,0.000282506941239,0.999999761047
37.6,752,1,0.000489478763482,0.000282882739497,0.999999760411
37.65,753,1,0.000490129664178,0.000283258537754,0.999999759773
37.7,754,1,0.000490780565644,0.00028363433601,0.999999759134
37.75,755,1,0.000491431467883,0.000284010134267,0.999999758495
37.8,756,1,0.000492082370898,0.000284385932528,0.999999757855
37.85,757,1,0.000492733274691,0.000284761730793,0.999999757214
37.9,758,1,0.000493384179262,0.000285137529065,0.999999756572
37.95,759,1,0.000494035084609,0.000285513327345,0.999999755929
38,760,1,0.000494685990731,0.000285889125635,0.999999755286
38.05,761,1,0.000495336897623,0.000286264923937,0.999999754641
38.1,762,1,0.00049598780528,0.000286640722253,0.999999753996
38.15,763,1,0.000496638713692,0.000287016520584,0.99999975335
38.2,764,1,0.000497289622849,0.000287392318931,0.999999752703
38.25,765,1,0.000497940532738,0.000287768117296,0.999999752055
38.3,766,1,0.000498591443344,0.000288143915682,0.999999751407
38.35,767,1,0.000499242354646,0.000288519714088,0.999999750757
38.4,768,1,0.000499893266624,0.000288895512517,0.999999750107
38.45,769,1,0.000500544179251,0.000289271310971,0.999999749456
38.5,770,1,0.000501195092498,0.000289647109449,0.999999748803
38.55,771,1,0.000501846006335,0.000290022907954,0.999999748151
38.6,772,1,0.000502496920725,0.000290398706486,0.999999747497
38.65,773,1,0.00050314783563,0.000290774505048,0.999999746842
38.7,774,1,0.00050379875101,0.000291150303638,0.999999746187
38.75,775,1,0.000504449666819,0.000291526102259,0.999999745531
38.8,776,1,0.000505100583012,0.000291901900911,0.999999744873
38.85,777,1,0.000505751499541,0.000292277699594,0.999999744215
38.9,778,1,0.000506402416354,0.00029265349831,0.999999743557
38.95,779,1,0.000507053333402,0.000293029297058,0.999999742897
39,780,1,0.000507704250631,0.000293405095838,0.999999742236
39.05,781,1,0.00050835516799,0.000293780894651,0.999999741575
39.1,782,1,0.000509006085425,0.000294156693497,0.999999740913
39.15,783,1,0.000509657002885,0.000294532492376,0.99999974025
39.2,784,1,0.000510307920319,0.000294908291287,0.999999739586
39.25,785,1,0.000510958837676,0.000295284090231,0.999999738921
39.3,786,1,0.000511609754908,0.000295659889205,0.999999738255
39.35,787,1,0.00051226067197,0.000296035688211,0.999999737589
39.4,788,1,0.000512911588816,0.000296411487248,0.999999736922
39.45,789,1,0.000513562505404,0.000296787286314,0.999999736254
39.5,790,1,0.000514213421694,0.00029716308541,0.999999735585
39.55,791,1,0.00051486433765,0.000297538884533,0.999999734915
39.6,792,1,0.000515515253236,0.000297914683683,0.999999734244
39.65,793,1,0.00051616616842,0.00029829048286,0.999999733573
39.7,794,1,0.00051681708317,0.000298666282062,0.9999997329
39.75,795,1,0.00051746799746,0.000299042081287,0.999999732227
39.8,796,1,0.000518118911261,0.000299417880536,0.999999731553
39.85,797,1,0.00051876982455,0.000299793679805,0.999999730878
39.9,798,1,0.000519420737302,0.000300169479095,0.999999730202
39.95,799,1,0.000520071649496,0.000300545278404,0.999999729525
40,800,1,0.00052072256111,0.000300921077731,0.999999728848
40.05,801,1,0.000521373472123,0.000301296877074,0.99999972817
40.1,802,1,0.000522024382516,0.000301672676431,0.999999727491
40.15,803,1,0.000522675292269,0.000302048475802,0.999999726811
40.2,804,1,0.000523326201364,0.000302424275185,0.99999972613
40.25,805,1,0.00052397710978,0.000302800074578,0.999999725448
40.3,806,1,0.000524628017499,0.00030317587398,0.999999724765
40.35,807,1,0.000525278924504,0.000303551673389,0.999999724082
40.4,808,1,0.000525929830776,0.000303927472803,0.999999723398
40.45,809,1,0.000526580736298,0.000304303272222,0.999999722713
40.5,810,1,0.000527231641054,0.000304679071643,0.999999722027
40.55,811,1,0.000527882545028,0.000305054871064,0.99999972134
40.6,812,1,0.000528533448205,0.000305430670485,0.999999720652
40.65,813,1,0.000529184350575,0.000305806469902,0.999999719964
40.7,814,1,0.000529835252126,0.000306182269316,0.999999719275
40.75,815,1,0.00053048615285,0.000306558068723,0.999999718584
40.8,816,1,0.000531137052743,0.000306933868121,0.999999717893
40.85,817,1,0.000531787951802,0.000307309667511,0.999999717202
40.9,818,1,0.000532438850028,0.000307685466888,0.999999716509
40.95,819,1,0.000533089747426,0.000308061266253,0.999999715815
41,820,1,0.000533740644006,0.000308437065603,0.999999715121
41.05,821,1,0.000534391539779,0.000308812864936,0.999999714426
41.1,822,1,0.000535042434762,0.000309188664252,0.99999971373
41.15,823,1,0.000535693328978,0.000309564463548,0.999999713033
41.2,824,1,0.000536344222452,0.000309940262823,0.999999712335
41.25,825,1,0.000536995115213,0.000310316062075,0.999999711636
41.3,826,1,0.000537646007296,0.000310691861304,0.999999710937
41.35,827,1,0.000538296898737,0.000311067660508,0.999999710236
41.4,828,1,0.000538947789579,0.000311443459686,0.999999709535
41.45,829,1,0.000539598679866,0.000311819258837,0.999999708833
41.5,830,1,0.000540249569644,0.00031219505796,0.99999970813
41.55,831,1,0.000540900458963,0.000312570857054,0.999999707427
41.6,832,1,0.000541551347876,0.000312946656119,0.999999706722
41.65,833,1,0.000542202236436,0.000313322455153,0.999999706017
41.7,834,1,0.000542853124695,0.000313698254157,0.999999705311
41.75,835,1,0.00054350401271,0.00031407405313,0.999999704603
41.8,836,1,0.000544154900534,0.000314449852071,0.999999703895
41.85,837,1,0.000544805788221,0.000314825650981,0.999999703187
41.9,838,1,0.000545456675824,0.00031520144986,0.999999702477
41.95,839,1,0.000546107563395,0.000315577248708,0.999999701767
42,840,1,0.000546758450983,0.000315953047524,0.999999701055
42.05,841,1,0.000547409338637,0.00031632884631,0.999999700343
42.1,842,1,0.000548060226401,0.000316704645065,0.99999969963
42.15,843,1,0.000548711114319,0.00031708044379,0.999999698916
42.2,844,1,0.00054936200243,0.000317456242486,0.999999698201
42.25,845,1,0.000550012890774,0.000317832041153,0.999999697486
42.3,846,1,0.000550663779384,0.000318207839792,0.999999696769
42.35,847,1,0.000551314668293,0.000318583638403,0.999999696052
42.4,848,1,0.000551965557532,0.000318959436988,0.999999695334
42.45,849,1,0.000552616447129,0.000319335235547,0.999999694615
42.5,850,1,0.00055326733711,0.000319711034081,0.999999693895
42.55,851,1,0.000553918227499,0.000320086832591,0.999999693175
42.6,852,1,0.000554569118319,0.000320462631078,0.999999692453
42.65,853,1,0.000555220009591,0.000320838429544,0.999999691731
42.7,854,1,0.000555870901338,0.000321214227988,0.999999691008
42.75,855,1,0.000556521793578,0.000321590026413,0.999999690284
42.8,856,1,0.000557172686332,0.000321965824819,0.999999689559
42.85,857,1,0.000557823579619,0.000322341623208,0.999999688833
42.9,858,1,0.00055847447346,0.000322717421581,0.999999688106
42.95,859,1,0.000559125367875,0.000323093219938,0.999999687379
43,860,1,0.000559776262884,0.000323469018282,0.999999686651
43.05,861,1,0.000560427158508,0.000323844816613,0.999999685921
43.1,862,1,0.000561078054768,0.000324220614933,0.999999685191
43.15,863,1,0.000561728951685,0.000324596413244,0.999999684461
43.2,864,1,0.000562379849283,0.000324972211546,0.999999683729
43.25,865,1,0.000563030747582,0.000325348009841,0.999999682996
43.3,866,1,0.000563681646604,0.000325723808131,0.999999682263
43.35,867,1,0.00056433254637,0.000326099606417,0.999999681529
43.4,868,1,0.000564983446901,0.000326475404701,0.999999680794
43.45,869,1,0.000565634348214,0.000326851202984,0.999999680058
43.5,870,1,0.000566285250328,0.000327227001267,0.999999679321
43.55,871,1,0.000566936153257,0.000327602799553,0.999999678583
43.6,872,1,0.000567587057014,0.000327978597843,0.999999677845
43.65,873,1,0.000568237961608,0.000328354396139,0.999999677106
43.7,874,1,0.000568888867046,0.000328730194442,0.999999676365
43.75,875,1,0.000569539773331,0.000329105992754,0.999999675624
43.8,876,1,0.000570190680461,0.000329481791077,0.999999674883
43.85,877,1,0.00057084158843,0.000329857589412,0.99999967414
43.9,878,1,0.000571492497228,0.00033023338776,0.999999673396
43.95,879,1,0.000572143406841,0.000330609186124,0.999999672652
44,880,1,0.000572794317249,0.000330984984505,0.999999671907
44.05,881,1,0.000573445228428,0.000331360782904,0.999999671161
44.1,882,1,0.000574096140348,0.000331736581323,0.999999670414
44.15,883,1,0.000574747052977,0.000332112379763,0.999999669666
44.2,884,1,0.000575397966276,0.000332488178225,0.999999668917
44.25,885,1,0.000576048880203,0.00033286397671,0.999999668168
44.3,886,1,0.000576699794713,0.000333239775219,0.999999667417
44.35,887,1,0.000577350709756,0.000333615573754,0.999999666666
44.4,888,1,0.00057800162528,0.000333991372315,0.999999665914
44.45,889,1,0.00057865254123,0.000334367170902,0.999999665161
44.5,890,1,0.000579303457549,0.000334742969517,0.999999664408
44.55,891,1,0.000579954374179,0.00033511876816,0.999999663653
44.6,892,1,0.00058060529106,0.000335494566831,0.999999662898
44.65,893,1,0.000581256208134,0.00033587036553,0.999999662141
44.7,894,1,0.00058190712534,0.000336246164258,0.999999661384
44.75,895,1,0.00058255804262,0.000336621963015,0.999999660626
44.8,896,1,0.000583208959916,0.0003369977618,0.999999659867
44.85,897,1,0.000583859877172,0.000337373560614,0.999999659108
44.9,898,1,0.000584510794336,0.000337749359455,0.999999658347
44.95,899,1,0.000585161711356,0.000338125158324,0.999999657586
45,900,1,0.000585812628184,0.00033850095722,0.999999656824
45.05,901,1,0.000586463544775,0.000338876756143,0.999999656061
45.1,902,1,0.000587114461088,0.000339252555092,0.999999655297
45.15,903,1,0.000587765377084,0.000339628354066,0.999999654532
45.2,904,1,0.000588416292729,0.000340004153064,0.999999653766
45.25,905,1,0.000589067207991,0.000340379952086,0.999999653
45.3,906,1,0.000589718122844,0.00034075575113,0.999999652233
45.35,907,1,0.000590369037261,0.000341131550196,0.999999651464
45.4,908,1,0.000591019951221,0.000341507349283,0.999999650695
45.45,909,1,0.000591670864705,0.00034188314839,0.999999649926
45.5,910,1,0.000592321777696,0.000342258947515,0.999999649155
45.55,911,1,0.000592972690181,0.000342634746658,0.999999648383
45.6,912,1,0.000593623602146,0.000343010545818,0.999999647611
45.65,913,1,0.00059427451358,0.000343386344993,0.999999646838
45.7,914,1,0.000594925424473,0.000343762144183,0.999999646064
45.75,915,1,0.000595576334817,0.000344137943386,0.999999645289
45.8,916,1,0.000596227244601,0.000344513742602,0.999999644513
45.85,917,1,0.000596878153819,0.000344889541828,0.999999643737
45.9,918,1,0.000597529062462,0.000345265341065,0.999999642959
45.95,919,1,0.00059817997052,0.00034564114031,0.999999642181
46,920,1,0.000598830877985,0.000346016939563,0.999999641402
46.05,921,1,0.000599481784846,0.000346392738822,0.999999640622
46.1,922,1,0.000600132691094,0.000346768538087,0.999999639841
46.15,923,1,0.000600783596717,0.000347144337356,0.999999639059
46.2,924,1,0.000601434501703,0.000347520136628,0.999999638277
46.25,925,1,0.00060208540604,0.000347895935902,0.999999637493
46.3,926,1,0.000602736309714,0.000348271735176,0.999999636709
46.35,927,1,0.000603387212713,0.000348647534449,0.999999635924
46.4,928,1,0.000604038115023,0.00034902333372,0.999999635138
46.45,929,1,0.000604689016631,0.000349399132988,0.999999634351
46.5,930,1,0.000605339917526,0.000349774932251,0.999999633564
46.55,931,1,0.000605990817694,0.000350150731508,0.999999632775
46.6,932,1,0.000606641717129,0.000350526530758,0.999999631986
46.65,933,1,0.00060729261582,0.000350902329999,0.999999631196
46.7,934,1,0.000607943513763,0.00035127812923,0.999999630405
46.75,935,1,0.000608594410956,0.00035165392845,0.999999629613
46.8,936,1,0.000609245307399,0.000352029727656,0.99999962882
46.85,937,1,0.000609896203096,0.000352405526849,0.999999628027
46.9,938,1,0.000610547098055,0.000352781326027,0.999999627232
46.95,939,1,0.00061119799229,0.000353157125187,0.999999626437
47,940,1,0.000611848885816,0.00035353292433,0.999999625641
47.05,941,1,0.000612499778654,0.000353908723454,0.999999624844
47.1,942,1,0.000613150670832,0.000354284522558,0.999999624046
47.15,943,1,0.000613801562379,0.00035466032164,0.999999623248
47.2,944,1,0.000614452453331,0.0003550361207,0.999999622448
47.25,945,1,0.000615103343727,0.000355411919737,0.999999621648
47.3,946,1,0.000615754233612,0.00035578771875,0.999999620847
47.35,947,1,0.000616405123034,0.000356163517738,0.999999620045
47.4,948,1,0.000617056012045,0.000356539316701,0.999999619242
47.45,949,1,0.000617706900699,0.000356915115638,0.999999618438
47.5,950,1,0.000618357789056,0.000357290914548,0.999999617634
47.55,951,1,0.000619008677175,0.000357666713432,0.999999616828
47.6,952,1,0.000619659565121,0.000358042512288,0.999999616022
47.65,953,1,0.000620310452958,0.000358418311118,0.999999615215
47.7,954,1,0.000620961340751,0.000358794109921,0.999999614407
47.75,955,1,0.000621612228567,0.000359169908697,0.999999613598
47.8,956,1,0.000622263116471,0.000359545707446,0.999999612789
47.85,957,1,0.000622914004528,0.000359921506169,0.999999611978
47.9,958,1,0.000623564892803,0.000360297304867,0.999999611167
47.95,959,1,0.000624215781358,0.000360673103539,0.999999610355
48,960,1,0.000624866670253,0.000361048902188,0.999999609542
48.05,961,1,0.000625517559543,0.000361424700812,0.999999608728
48.1,962,1,0.000626168449284,0.000361800499414,0.999999607913
48.15,963,1,0.000626819339524,0.000362176297995,0.999999607098
48.2,964,1,0.000627470230309,0.000362552096555,0.999999606281
48.25,965,1,0.00062812112168,0.000362927895095,0.999999605464
48.3,966,1,0.000628772013674,0.000363303693618,0.999999604646
48.35,967,1,0.000629422906321,0.000363679492123,0.999999603827
48.4,968,1,0.000630073799649,0.000364055290613,0.999999603007
48.45,969,1,0.00063072469368,0.000364431089088,0.999999602186
48.5,970,1,0.00063137558843,0.00036480688755,0.999999601365
48.55,971,1,0.000632026483912,0.000365182686001,0.999999600543
48.6,972,1,0.000632677380134,0.000365558484441,0.999999599719
48.65,973,1,0.0006333282771,0.000365934282873,0.999999598895
48.7,974,1,0.00063397917481,0.000366310081297,0.99999959807
48.75,975,1,0.000634630073261,0.000366685879714,0.999999597245
48.8,976,1,0.000635280972447,0.000367061678127,0.999999596418
48.85,977,1,0.00063593187236,0.000367437476536,0.999999595591
48.9,978,1,0.000636582772987,0.000367813274943,0.999999594762
48.95,979,1,0.000637233674318,0.000368189073349,0.999999593933
49,980,1,0.000637884576337,0.000368564871755,0.999999593103
49.05,981,1,0.00063853547903,0.000368940670162,0.999999592272
49.1,982,1,0.00063918638238,0.000369316468572,0.999999591441
49.15,983,1,0.000639837286372,0.000369692266986,0.999999590608
49.2,984,1,0.000640488190989,0.000370068065404,0.999999589775
49.25,985,1,0.000641139096216,0.000370443863828,0.999999588941
49.3,986,1,0.000641790002037,0.000370819662258,0.999999588106
49.35,987,1,0.000642440908436,0.000371195460697,0.99999958727
49.4,988,1,0.0006430918154,0.000371571259144,0.999999586433
49.45,989,1,0.000643742722915,0.000371947057601,0.999999585595
49.5,990,1,0.000644393630967,0.000372322856068,0.999999584757
49.55,991,1,0.000645044539546,0.000372698654547,0.999999583918
49.6,992,1,0.000645695448641,0.000373074453038,0.999999583077
49.65,993,1,0.000646346358241,0.000373450251543,0.999999582236
49.7,994,1,0.000646997268337,0.000373826050061,0.999999581395
49.75,995,1,0.000647648178921,0.000374201848594,0.999999580552
49.8,996,1,0.000648299089984,0.000374577647142,0.999999579708
49.85,997,1,0.000648950001519,0.000374953445707,0.999999578864
49.9,998,1,0.000649600913516,0.000375329244288,0.999999578019
49.95,999,1,0.000650251825968,0.000375705042888,0.999999577173
50,1000,1,0.000650902738866,0.000376080841505,0.999999576326
