percent,sim_time,elapsed_seconds,blocks_completed,pop1,pop2,norm,block_norm_raw,R_total,T_total,x_mean,x_width,lambda,lambda_raw,block_dt,ess,event_weight_hi,coupling_abs_exp,gap_exp,poisson_mc_state_var
5,2.5,0.0940709114075,50,0.805948495335,0.194051504665,1,1.00007810567,0.460206081926,0.539793918074,-1.7763568394e-16,0.501263116372,0.4,1.5,0.05,1,0.000201340026756,0.25,1.11803398875,0
10,5,0.201956987381,100,0.976913712109,0.0230862878907,1,1.00007810567,0.460018432755,0.539981567245,-1.22124532709e-15,0.498917481597,0.4,1.5,0.05,1,0.000201340026756,0.25,1.11803398875,0
15,7.5,0.300098180771,150,0.849374497675,0.150625502325,1,1.00007810567,0.459702650518,0.540297349482,-3.10862446895e-15,0.49501628281,0.4,1.5,0.05,1,0.000201340026756,0.25,1.11803398875,0
20,10,0.385219097137,200,0.918314382169,0.0816856178308,1,1.00007810567,0.45925391321,0.54074608679,-4.46309655899e-15,0.489571782947,0.4,1.5,0.05,1,0.000201340026756,0.25,1.11803398875,0
25,12.5,0.484766244888,250,0.91617559861,0.0838244013903,1,1.00007810567,0.458665056434,0.541334943566,-5.86197757002e-15,0.482601139923,0.4,1.5,0.05,1,0.000201340026756,0.25,1.11803398875,0
30,15,0.572106838226,300,0.851258830201,0.148741169799,1,1.00007810567,0.457926334299,0.542073665701,-1.05693231944e-14,0.474128730032,0.4,1.5,0.05,1,0.000201340026756,0.25,1.11803398875,0
35,17.5,0.660798549652,350,0.975508009124,0.0244919908756,1,1.00007810567,0.457020204256,0.542979795744,-2.71116462613e-14,0.464210531883,0.4,1.5,0.05,1,0.000201340026756,0.25,1.11803398875,0
40,20,0.777690649033,400,0.806708331811,0.193291668189,1,1.00007810567,0.455954567868,0.544045432132,-7.30526750203e-14,0.453003744895,0.4,1.5,0.05,1,0.000201340026756,0.25,1.11803398875,0
45,22.5,0.873537302017,450,0.999976426903,2.35730969573e-05,1,1.00007810567,0.45462471442,0.54537528558,-1.59428026336e-13,0.440823699768,0.4,1.5,0.05,1,0.000201340026756,0.25,1.11803398875,0
50,25,0.984346151352,500,0.805232999744,0.194767000256,1,1.00007810568,0.453233502964,0.546766497036,-2.80253598106e-13,0.428116048254,0.4,1.5,0.05,1,0.000201340026756,0.25,1.11803398875,0
55,27.5,1.0976703167,550,0.978283153101,0.0217168468993,1,1.00007810568,0.451361003971,0.548638996029,-4.22251122956e-13,0.41537044545,0.4,1.5,0.05,1,0.000201340026756,0.25,1.11803398875,0
60,30,1.21050071716,600,0.847514032821,0.152485967179,1,1.00007810568,0.449007561247,0.550992438753,-5.69577718323e-13,0.403037865727,0.4,1.5,0.05,1,0.000201340026756,0.25,1.11803398875,0
65,32.5,1.31601881981,650,0.920444531062,0.0795554689385,1,1.00007810568,0.447008918171,0.552991081829,-7.1008754432e-13,0.391481548891,0.4,1.5,0.05,1,0.000201340026756,0.25,1.11803398875,0
70,35,1.40909314156,700,0.9140291889,0.0859708111,1,1.00007810568,0.44487473866,0.55512526134,-8.40993941154e-13,0.380958451778,0.4,1.5,0.05,1,0.000201340026756,0.25,1.11803398875,0
75,37.5,1.50337433815,750,0.853166142468,0.146833857532,1,1.00007810568,0.441008762946,0.558991237054,-9.47486533676e-13,0.371625554236,0.4,1.5,0.05,1,0.000201340026756,0.25,1.11803398875,0
80,40,1.59847283363,800,0.97406670706,0.0259332929399,1,1.00007810568,0.4350779881,0.5649220119,-1.03428376974e-12,0.363547087732,0.4,1.5,0.05,1,0.000201340026756,0.25,1.11803398875,0
85,42.5,1.69469547272,850,0.80751215231,0.19248784769,1,1.00007810568,0.42889024055,0.57110975945,-1.12036491196e-12,0.356710709996,0.4,1.5,0.05,1,0.000201340026756,0.25,1.11803398875,0
90,45,1.81130003929,900,0.999905718725,9.42812749632e-05,1,1.00007810567,0.424655700222,0.575344299778,-1.21918586338e-12,0.351046630856,0.4,1.5,0.05,1,0.000201340026756,0.25,1.11803398875,0
95,47.5,1.91129660606,950,0.804562183838,0.195437816162,1,1.00007810568,0.422370384662,0.577629615338,-1.18757781387e-12,0.34651581378,0.4,1.5,0.05,1,0.000201340026756,0.25,1.11803398875,0
100,50,2.01238822937,1000,0.979615686663,0.0203843133368,1,1.00007810567,0.41850302691,0.58149697309,-1.11336495578e-12,0.343003356608,0.4,1.5,0.05,1,0.000201340026756,0.25,1.11803398875,0
