x,V11,V22,V33,V12,V23
-15,0.0648,0.1325,0.3928,1.39754867824e-52,4.04540074152e-115
-14.9625468165,0.0642617963501,0.131938903618,0.391542695226,2.86537344407e-52,1.18830154688e-114
-14.925093633,0.0637258370857,0.131379209976,0.390287634838,5.8616623096e-52,3.48270789926e-114
-14.8876404494,0.0631921222068,0.130820919076,0.389034818836,1.1964254273e-51,1.01843359093e-113
-14.8501872659,0.0626606517134,0.130264030916,0.387784247219,2.436552365e-51,2.97148577238e-113
-14.8127340824,0.0621314256056,0.129708545498,0.386535919988,4.95097963805e-51,8.65047331805e-113
-14.7752808989,0.0616044438833,0.12915446282,0.385289837142,1.00376444165e-50,2.51264632447e-112
-14.7378277154,0.0610797065466,0.128601782884,0.384045998681,2.03047547857e-50,7.28195732749e-112
-14.7003745318,0.0605572135954,0.128050505688,0.382804404607,4.09816053751e-50,2.10566933543e-111
-14.6629213483,0.0600369650297,0.127500631233,0.381565054917,8.25287867877e-50,6.07515679677e-111
-14.6254681648,0.0595189608495,0.12695215952,0.380327949614,1.65823940198e-49,1.74884003135e-110
-14.5880149813,0.0590032010549,0.126405090547,0.379093088695,3.32440766992e-49,5.02305526083e-110
-14.5505617978,0.0584896856458,0.125859424315,0.377860472163,6.64976957614e-49,1.43949812003e-109
-14.5131086142,0.0579784146222,0.125315160824,0.376630100015,1.3271627798e-48,4.11603940424e-109
-14.4756554307,0.0574693879841,0.124772300074,0.375401972254,2.64281684295e-48,1.17428421014e-108
-14.4382022472,0.0569626057316,0.124230842065,0.374176088878,5.25091773355e-48,3.34265992351e-108
-14.4007490637,0.0564580678646,0.123690786797,0.372952449887,1.04094704878e-47,9.49372053765e-108
-14.3632958801,0.0559557743831,0.12315213427,0.371731055282,2.05895729046e-47,2.69033256257e-107
-14.3258426966,0.0554557252872,0.122614884484,0.370511905062,4.06341625456e-47,7.60677847062e-107
-14.2883895131,0.0549579205768,0.122079037439,0.369294999228,8.0013001971e-47,2.14595615704e-106
-14.2509363296,0.0544623602519,0.121544593135,0.36808033778,1.57200923063e-46,6.04040692574e-106
-14.2134831461,0.0539690443126,0.121011551572,0.366867920717,3.08159027299e-46,1.69643343963e-105
-14.1760299625,0.0534779727588,0.12047991275,0.36565774804,6.02726065139e-46,4.75371048124e-105
-14.138576779,0.0529891455905,0.119949676668,0.364449819748,1.1762247875e-45,1.3290885214e-104
-14.1011235955,0.0525025628077,0.119420843328,0.363244135841,2.29026616644e-45,3.70766393246e-104
-14.063670412,0.0520182244105,0.118893412728,0.362040696321,4.4494554541e-45,1.03198193021e-103
-14.0262172285,0.0515361303988,0.11836738487,0.360839501185,8.62487966921e-45,2.86595323418e-103
-13.9887640449,0.0510562807726,0.117842759753,0.359640550436,1.66810929355e-44,7.94129595684e-103
-13.9513108614,0.050578675532,0.117319537376,0.358443844071,3.21900191441e-44,2.19552779523e-102
-13.9138576779,0.0501033146769,0.11679771774,0.357249382093,6.19788114632e-44,6.05636126753e-102
-13.8764044944,0.0496301982073,0.116277300846,0.356057164499,1.19066757894e-43,1.66690129044e-101
-13.8389513109,0.0491593261232,0.115758286692,0.354867191292,2.28224933135e-43,4.57755180525e-101
-13.8014981273,0.0486906984247,0.115240675279,0.35367946247,4.36476558665e-43,1.25424370207e-100
-13.7640449438,0.0482243151117,0.114724466608,0.352493978033,8.32883073849e-43,3.42890825938e-100
-13.7265917603,0.0477601761843,0.114209660677,0.351310737982,1.58574161558e-42,9.35308924201e-100
-13.6891385768,0.0472982816423,0.113696257487,0.350129742316,3.01235455454e-42,2.54553789316e-99
-13.6516853933,0.0468386314859,0.113184257038,0.348950991036,5.70959135357e-42,6.91240746186e-99
-13.6142322097,0.046381225715,0.11267365933,0.347774484142,1.07976498728e-41,1.87285592839e-98
-13.5767790262,0.0459260643297,0.112164464363,0.346600221633,2.03741139757e-41,5.06296220647e-98
-13.5393258427,0.0454731473299,0.111656672137,0.34542820351,3.83577829722e-41,1.36562128349e-97
-13.5018726592,0.0450224747156,0.111150282652,0.344258429772,7.20532441809e-41,3.67520140341e-97
-13.4644194757,0.0445740464868,0.110645295908,0.343090900419,1.3504510826e-40,9.86863954214e-97
-13.4269662921,0.0441278626436,0.110141711905,0.341925615453,2.5253957826e-40,2.6439832826e-96
-13.3895131086,0.0436839231859,0.109639530643,0.340762574871,4.71200041597e-40,7.06781867378e-96
-13.3520599251,0.0432422281137,0.109138752122,0.339601778676,8.77215839868e-40,1.88511291596e-95
-13.3146067416,0.0428027774271,0.108639376341,0.338443226865,1.62941941173e-39,5.01665938389e-95
-13.2771535581,0.042365571126,0.108141403302,0.337286919441,3.01984451287e-39,1.33203960029e-94
-13.2397003745,0.0419306092104,0.107644833004,0.336132856401,5.58420759061e-39,3.52894535461e-94
-13.202247191,0.0414978916803,0.107149665446,0.334981037748,1.0303002439e-38,9.32820338104e-94
-13.1647940075,0.0410674185358,0.10665590063,0.33383146348,1.89666804109e-38,2.46023365436e-93
-13.127340824,0.0406391897768,0.106163538554,0.332684133597,3.48372709163e-38,6.47410858976e-93
-13.0898876404,0.0402132054034,0.10567257922,0.3315390481,6.38443105094e-38,1.69984326838e-92
-13.0524344569,0.0397894654154,0.105183022626,0.330396206988,1.16741576051e-37,4.45310623219e-92
-13.0149812734,0.039367969813,0.104694868774,0.329255610262,2.12987530877e-37,1.16397193068e-91
-12.9775280899,0.0389487185961,0.104208117662,0.328117257922,3.87710962998e-37,3.03561880715e-91
-12.9400749064,0.0385317117648,0.103722769291,0.326981149967,7.04185794188e-37,7.89909320024e-91
-12.9026217228,0.038116949319,0.103238823661,0.325847286398,1.27612058304e-36,2.05084348296e-90
-12.8651685393,0.0377044312587,0.102756280773,0.324715667214,2.30739232318e-36,5.31267283098e-90
-12.8277153558,0.0372941575839,0.102275140625,0.323586292415,4.16271280416e-36,1.37315291168e-89
-12.7902621723,0.0368861282947,0.101795403218,0.322459162003,7.49301721046e-36,3.54119635345e-89
-12.7528089888,0.036480343391,0.101317068552,0.321334275975,1.34574348847e-35,9.11184640265e-89
-12.7153558052,0.0360768028728,0.100840136627,0.320211634333,2.41153250339e-35,2.33931145782e-88
-12.6779026217,0.0356755067402,0.100364607443,0.319091237077,4.31170687531e-35,5.99231978001e-88
-12.6404494382,0.0352764549931,0.0998904809999,0.317973084207,7.69184656734e-35,1.53153593269e-87
-12.6029962547,0.0348796476315,0.0994177572978,0.316857175721,1.36910662689e-34,3.90557224323e-87
-12.5655430712,0.0344850846554,0.0989464363366,0.315743511622,2.43147163931e-34,9.93727792406e-87
-12.5280898876,0.0340927660649,0.0984765181164,0.314632091908,4.30850319973e-34,2.52275730673e-86
-12.4906367041,0.0337026918599,0.0980080026372,0.313522916579,7.61743763099e-34,6.39011663133e-86
-12.4531835206,0.0333148620404,0.0975408898989,0.312415985636,1.3437444083e-33,1.61498083472e-85
-12.4157303371,0.0329292766065,0.0970751799015,0.311311299078,2.36510109293e-33,4.07240757443e-85
-12.3782771536,0.0325459355581,0.0966108726451,0.310208856906,4.15344078591e-33,1.02461421312e-84
-12.34082397,0.0321648388952,0.0961479681297,0.30910865912,7.27765750795e-33,2.5721411128e-84
-12.3033707865,0.0317859866179,0.0956864663553,0.308010705719,1.27233208607e-32,6.44250081421e-84
-12.265917603,0.031409378726,0.0952263673217,0.306914996704,2.21939509165e-32,1.61005031724e-83
-12.2284644195,0.0310350152197,0.0947676710292,0.305821532074,3.86272720852e-32,4.01466850733e-83
-12.191011236,0.030662896099,0.0943103774776,0.304730311829,6.70777878995e-32,9.9881535315e-83
-12.1535580524,0.0302930213637,0.0938544866669,0.30364133597,1.16222095331e-31,2.47939661168e-82
-12.1161048689,0.029925391014,0.0933999985973,0.302554604497,2.00920359087e-31,6.14090067555e-82
-12.0786516854,0.0295600050499,0.0929469132685,0.301470117409,3.46564812835e-31,1.5175514307e-81
-12.0411985019,0.0291968634712,0.0924952306808,0.300387874707,5.96444807916e-31,3.7417954252e-81
-12.0037453184,0.0288359662781,0.0920449508339,0.29930787639,1.0241918942e-30,9.20538457062e-81
-11.9662921348,0.0284773134705,0.0915960737281,0.298230122459,1.75475982242e-30,2.25958721766e-80
-11.9288389513,0.0281209050485,0.0911485993632,0.297154612914,2.99971023954e-30,5.53403061936e-80
-11.8913857678,0.0277667410119,0.0907025277392,0.296081347754,5.11642019891e-30,1.3523194111e-79
-11.8539325843,0.0274148213609,0.0902578588562,0.295010326979,8.70719718671e-30,3.29717715302e-79
-11.8164794007,0.0270651460955,0.0898145927142,0.29394155059,1.47848128167e-29,8.02103769885e-79
-11.7790262172,0.0267177152155,0.0893727293131,0.292875018586,2.50483173524e-29,1.94690207935e-78
-11.7415730337,0.0263725287211,0.0889322686529,0.291810730968,4.23415311825e-29,4.71501345218e-78
-11.7041198502,0.0260295866122,0.0884932107338,0.290748687736,7.14134208524e-29,1.13932345729e-77
-11.6666666667,0.0256888888889,0.0880555555556,0.289688888889,1.20176178835e-28,2.74685932056e-77
-11.6292134831,0.0253504355511,0.0876193031183,0.288631334427,2.01781906183e-28,6.60771148828e-77
-11.5917602996,0.0250142265988,0.087184453422,0.287576024352,3.38042516139e-28,1.5859555182e-76
-11.5543071161,0.024680262032,0.0867510064666,0.286522958661,5.65048474266e-28,3.79801091302e-76
-11.5168539326,0.0243485418508,0.0863189622522,0.285472137356,9.42378487009e-28,9.07500117546e-76
-11.4794007491,0.0240190660551,0.0858883207788,0.284423560437,1.56815972533e-27,2.1635276376e-75
-11.4419475655,0.0236918346449,0.0854590820463,0.283377227903,2.60363741593e-27,5.14639931472e-75
-11.404494382,0.0233668476202,0.0850312460548,0.282333139755,4.31316416167e-27,1.22143339414e-74
-11.3670411985,0.0230441049811,0.0846048128042,0.281291295992,7.12913350519e-27,2.89242012192e-74
-11.329588015,0.0227236067275,0.0841797822946,0.280251696615,1.17571696032e-26,6.83405130105e-74
-11.2921348315,0.0224053528595,0.0837561545259,0.279214341624,1.93461296709e-26,1.6110921099e-73
-11.2546816479,0.022089343377,0.0833339294982,0.278179231017,3.17622076987e-26,3.78955123105e-73
-11.2172284644,0.02177557828,0.0829131072115,0.277146364797,5.20298464329e-26,8.89365893051e-73
-11.1797752809,0.0214640575685,0.0824936876657,0.276115742962,8.50393011545e-26,2.0825643694e-72
-11.1423220974,0.0211547812425,0.0820756708609,0.275087365512,1.38679445583e-25,4.8656590442e-72
-11.1048689139,0.0208477493021,0.081659056797,0.274061232448,2.25647115768e-25,1.1342536562e-71
-11.0674157303,0.0205429617473,0.0812438454741,0.27303734377,3.66330224771e-25,2.63817729616e-71
-11.0299625468,0.0202404185779,0.0808300368921,0.272015699477,5.93391053068e-25,6.12241895575e-71
-10.9925093633,0.0199401197941,0.0804176310511,0.270996299569,9.59035119394e-25,1.41764466261e-70
-10.9550561798,0.0196420653958,0.080006627951,0.269979144047,1.54651203511e-24,3.27519381391e-70
-10.9176029963,0.019346255383,0.0795970275919,0.268964232911,2.48826925115e-24,7.54973831668e-70
-10.8801498127,0.0190526897558,0.0791888299738,0.26795156616,3.99453947437e-24,1.73640915973e-69
-10.8426966292,0.0187613685141,0.0787820350966,0.266941143795,6.39825194636e-24,3.98471728112e-69
-10.8052434457,0.0184722916579,0.0783766429603,0.265932965815,1.02254218393e-23,9.12364196676e-69
-10.7677902622,0.0181854591873,0.0779726535651,0.264927032221,1.63052103205e-23,2.08431920841e-68
-10.7303370787,0.0179008711021,0.0775700669107,0.263923343012,2.59416056171e-23,4.75100517286e-68
-10.6928838951,0.0176185274025,0.0771688829974,0.262921898189,4.11805910692e-23,1.08051811292e-67
-10.6554307116,0.0173384280885,0.076769101825,0.261922697751,6.52249229523e-23,2.45190633287e-67
-10.6179775281,0.01706057316,0.0763707233935,0.260925741699,1.03076544137e-22,5.55138023745e-67
-10.5805243446,0.016784962617,0.075973747703,0.259931030033,1.62529200838e-22,1.25407453843e-66
-10.543071161,0.0165115964595,0.0755781747535,0.258938562752,2.55698526959e-22,2.82664326199e-66
-10.5056179775,0.0162404746875,0.0751840045449,0.257948339856,4.01375008787e-22,6.35687875936e-66
-10.468164794,0.0159715973011,0.0747912370772,0.256960361346,6.28633767571e-22,1.42640263076e-65
-10.4307116105,0.0157049643002,0.0743998723506,0.255974627222,9.82359296086e-22,3.19349036031e-65
-10.393258427,0.0154405756849,0.0740099103649,0.254991137483,1.53168087069e-21,7.13369215024e-65
-10.3558052434,0.0151784314551,0.0736213511201,0.254009892129,2.38282140865e-21,1.58996803627e-64
-10.3183520599,0.0149185316108,0.0732341946163,0.253030891161,3.69862221726e-21,3.5358000635e-64
-10.2808988764,0.014660876152,0.0728484408534,0.252054134579,5.72814140656e-21,7.84534923052e-64
-10.2434456929,0.0144054650788,0.0724640898315,0.251079622382,8.85141621391e-21,1.73684929954e-63
-10.2059925094,0.0141522983911,0.0720811415506,0.250107354571,1.36469962026e-20,3.83651827031e-63
-10.1685393258,0.0139013760889,0.0716995960106,0.249137331145,2.09935872507e-20,8.45546856695e-63
-10.1310861423,0.0136526981722,0.0713194532116,0.248169552105,3.22226692757e-20,1.85935948606e-62
-10.0936329588,0.0134062646411,0.0709407131535,0.24720401745,4.93471015504e-20,4.07956938478e-62
-10.0561797753,0.0131620754955,0.0705633758364,0.246240727181,7.54027282562e-20,8.93080403356e-62
-10.0187265918,0.0129201307355,0.0701874412602,0.245279681297,1.14957615446e-19,1.95070713067e-61
-9.98127340824,0.0126804303609,0.069812909425,0.244320879799,1.74869355394e-19,4.25127167225e-61
-9.94382022472,0.0124429743719,0.0694397803308,0.243364322687,2.65408573228e-19,9.24423382501e-61
-9.9063670412,0.0122077627684,0.0690680539775,0.242410009959,4.01921706135e-19,2.00561819527e-60
-9.86891385768,0.0119747955505,0.0686977303651,0.241457941618,6.07285974406e-19,4.34161066701e-60
-9.83146067416,0.0117440727181,0.0683288094938,0.240508117662,9.15525228629e-19,9.3773206367e-60
-9.79400749064,0.0115155942712,0.0679612913633,0.239560538091,1.37712276503e-18,2.02084001179e-59
-9.75655430712,0.0112893602099,0.0675951759739,0.238615202906,2.06680866937e-18,4.34520603492e-59
-9.7191011236,0.011065370534,0.0672304633253,0.237672112107,3.09494665069e-18,9.32210717583e-59
-9.68164794007,0.0108436252437,0.0668671534178,0.236731265693,4.62414384821e-18,1.99546026892e-58
-9.64419475655,0.010624124339,0.0665052462512,0.235792663665,6.89342063535e-18,4.26184209053e-58
-9.60674157303,0.0104068678197,0.0661447418255,0.234856306022,1.02532961114e-17,9.08190383751e-58
-9.56928838951,0.010191855686,0.0657856401408,0.233922192765,1.52165954828e-17,1.93099753669e-57
-9.53183520599,0.00997908793783,0.0654279411971,0.232990323893,2.253184562e-17,4.09648921826e-57
-9.49438202247,0.00976856457518,0.0650716449943,0.232060699407,3.32890433051e-17,8.67096011011e-57
-9.45692883895,0.00956028559806,0.0647167515325,0.231133319306,4.90717037835e-17,1.83125083697e-56
-9.41947565543,0.00935425100647,0.0643632608116,0.230208183591,7.21749074666e-17,3.85881323881e-56
-9.38202247191,0.0091504608004,0.0640111728317,0.229285292261,1.05917228984e-16,8.11306507029e-56
-9.34456928839,0.00894891497987,0.0636604875928,0.228364645317,1.55085880601e-16,1.70192898376e-55
-9.30711610487,0.00874961354487,0.0633112050948,0.227446242758,2.26570407787e-16,3.56224007601e-55
-9.26966292135,0.00855255649539,0.0629633253377,0.226530084585,3.3026259424e-16,7.43926812704e-55
-9.23220973783,0.00835774383145,0.0626168483216,0.225616170798,4.80331275427e-16,1.55010998679e-54
-9.19475655431,0.00816517555303,0.0622717740465,0.224704501396,6.97023817976e-16,3.22270158307e-54
-9.15730337079,0.00797485166014,0.0619281025123,0.223795076379,1.0092055903e-15,6.68502362333e-54
-9.11985018727,0.00778677215279,0.0615858337191,0.222887895748,1.45793093877e-15,1.3836016649e-53
-9.08239700375,0.00760093703096,0.0612449676668,0.221982959503,2.10145228101e-15,2.85722526237e-53
-9.04494382022,0.00741734629466,0.0609055043555,0.221080267643,3.02222914108e-15,5.8871237158e-53
-9.0074906367,0.00723599994389,0.0605674437852,0.220179820169,4.33671139139e-15,1.210283519e-52
-8.97003745318,0.00705689797865,0.0602307859558,0.21928161708,6.20896094996e-15,2.4825405554e-52
-8.93258426966,0.00688004039894,0.0598955308673,0.218385658376,8.86957094531e-15,5.08078550053e-52
-8.89513108614,0.00670542720476,0.0595616785198,0.217491944059,1.26418773067e-14,1.03750606575e-51
-8.85767790262,0.00653305839611,0.0592292289133,0.216600474126,1.79781833799e-14,2.11385748634e-51
-8.8202247191,0.00636293397298,0.0588981820477,0.21571124858,2.55096979687e-14,4.29720467951e-51
-8.78277153558,0.00619505393539,0.0585685379231,0.214824267419,3.6115206555e-14,8.71608890352e-51
-8.74531835206,0.00602941828333,0.0582402965394,0.213939530643,5.10152671505e-14,1.76393484125e-50
-8.70786516854,0.00586602701679,0.0579134578967,0.213057038253,7.19010947954e-14,3.56179320767e-50
-8.67041198502,0.00570488013579,0.057588021995,0.212176790248,1.01110467135e-13,7.17596216113e-50
-8.6329588015,0.00554597764031,0.0572639888342,0.211298786629,1.41867202948e-13,1.44250342961e-49
-8.59550561798,0.00538931953036,0.0569413584143,0.210423027396,1.98606368959e-13,2.89320258535e-49
-8.55805243446,0.00523490580594,0.0566201307355,0.209549512548,2.77414790755e-13,5.78983397482e-49
-8.52059925094,0.00508273646706,0.0563003057975,0.208678242085,3.86626242798e-13,1.15605541424e-48
-8.48314606742,0.0049328115137,0.0559818836006,0.207809216008,5.37623596066e-13,2.30311948392e-48
-8.4456928839,0.00478513094587,0.0556648641445,0.206942434317,7.45917145085e-13,4.57803978458e-48
-8.40823970037,0.00463969476357,0.0553492474295,0.206077897011,1.03259051997e-12,9.07962540561e-48
-8.37078651685,0.0044965029668,0.0550350334554,0.20521560409,1.42623455117e-12,1.79672485642e-47
-8.33333333333,0.00435555555556,0.0547222222222,0.204355555556,1.96552715674e-12,3.54748441669e-47
-8.29588014981,0.00421685252984,0.05441081373,0.203497751406,2.70266625906e-12,6.98851163412e-47
-8.25842696629,0.00408039388966,0.0541008079788,0.202642191642,3.70792607242e-12,1.3736439078e-46
-8.22097378277,0.00394617963501,0.0537922049685,0.201788876264,5.07568882986e-12,2.69394616079e-46
-8.18352059925,0.00381420976588,0.0534850046992,0.200937805272,6.93240916581e-12,5.27143596598e-46
-8.14606741573,0.00368448428229,0.0531792071708,0.200088978664,9.44710325125e-12,1.02918686402e-45
-8.10861423221,0.00355700318422,0.0528748123834,0.199242396443,1.28451272773e-11,2.00486350034e-45
-8.07116104869,0.00343176647169,0.0525718203369,0.198398058607,1.74262298303e-11,3.89673309459e-45
-8.03370786517,0.00330877414468,0.0522702310314,0.197555965156,2.35881422932e-11,7.55686713179e-45
-7.99625468165,0.0031880262032,0.0519700444669,0.196716116091,3.18573257346e-11,1.46220474346e-44
-7.95880149813,0.00306952264725,0.0516712606433,0.195878511411,4.29289403954e-11,2.82292842177e-44
-7.92134831461,0.00295326347683,0.0513738795607,0.195043151117,5.7718667676e-11,5.4377197353e-44
-7.88389513109,0.00283924869194,0.051077901219,0.194210035209,7.74297223746e-11,1.04510289144e-43
-7.84644194757,0.00272747829258,0.0507833256183,0.193379163686,1.03639278819e-10,2.00413307025e-43
-7.80898876404,0.00261795227875,0.0504901527585,0.192550536548,1.38409639715e-10,3.83459353089e-43
-7.77153558052,0.00251067065045,0.0501983826397,0.191724153797,1.84430850849e-10,7.32044348018e-43
-7.734082397,0.00240563340768,0.0499080152618,0.19090001543,2.45203168174e-10,1.39437864927e-42
-7.69662921348,0.00230284055044,0.0496190506249,0.190078121449,3.25269888182e-10,2.65002110277e-42
-7.65917602996,0.00220229207872,0.049331488729,0.189258471854,4.30513643467e-10,5.02508273099e-42
-7.62172284644,0.00210398799254,0.049045329574,0.188441066644,5.68532444879e-10,9.50741334665e-42
-7.58426966292,0.00200792829188,0.04876057316,0.18762590582,7.49115640015e-10,1.79476177441e-41
-7.5468164794,0.00191411297676,0.0484772194869,0.186812989381,9.84844696456e-10,3.38046561102e-41
-7.50936329588,0.00182254204716,0.0481952685548,0.186002317328,1.2918494731e-09,6.35289253837e-41
-7.47191011236,0.00173321550309,0.0479147203636,0.18519388966,1.690757607e-09,1.19121943866e-40
-7.43445692884,0.00164613334456,0.0476355749134,0.184387706378,2.20788304019e-09,2.22862660165e-40
-7.39700374532,0.00156129557155,0.0473578322041,0.183583767482,2.87670979848e-09,4.16014170648e-40
-7.3595505618,0.00147870218407,0.0470814922358,0.182782072971,3.73973920746e-09,7.74826051059e-40
-7.32209737828,0.00139835318212,0.0468065550085,0.181982622845,4.85078312612e-09,1.43987761383e-39
-7.28464419476,0.0013202485657,0.0465330205221,0.181185417105,6.27780287463e-09,2.66975999457e-39
-7.24719101124,0.00124438833481,0.0462608887767,0.180390455751,8.106413758e-09,4.93905813595e-39
-7.20973782772,0.00117077248944,0.0459901597722,0.179597738782,1.04441989157e-08,9.1167769803e-39
-7.17228464419,0.00109940102961,0.0457208335087,0.178807266198,1.34260041863e-08,1.67905065919e-38
-7.13483146067,0.00103027395531,0.0454529099861,0.178019038,1.72204183395e-08,3.08540048836e-38
-7.09737827715,0.000963391266535,0.0451863892045,0.177233054188,2.20376810271e-08,5.65697896724e-38
-7.05992509363,0.00089875296329,0.0449212711639,0.176449314761,2.81393048001e-08,1.03486300051e-37
-7.02247191011,0.000836359045575,0.0446575558642,0.17566781972,3.58497482588e-08,1.88888897386e-37
-6.98501872659,0.000776209513389,0.0443952433054,0.174888569064,4.55705355765e-08,3.43997494039e-37
-6.94756554307,0.000718304366733,0.0441343334876,0.174111562794,5.77972840368e-08,6.25071074162e-37
-6.91011235955,0.000662643605605,0.0438748264108,0.173336800909,7.31401766258e-08,1.13325801883e-36
-6.87265917603,0.000609227230007,0.0436167220749,0.17256428341,9.23485018615e-08,2.04999817943e-36
-6.83520599251,0.000558055239939,0.04336002048,0.171794010296,1.16339978663e-07,3.7000144973e-36
-6.79775280899,0.0005091276354,0.0431047216261,0.171025981568,1.46235690782e-07,6.66313560334e-36
-6.76029962547,0.00046244441639,0.0428508255131,0.170260197225,1.8340157369e-07,1.19723430839e-35
-6.72284644195,0.000418005582909,0.042598332141,0.169496657268,2.29497527222e-07,2.1463716888e-35
-6.68539325843,0.000375811134958,0.0423472415099,0.168735361697,2.86535369893e-07,3.83933479301e-35
-6.64794007491,0.000335861072536,0.0420975536198,0.167976310511,3.5694700557e-07,6.852236023e-35
-6.61048689139,0.000298155395643,0.0418492684706,0.16721950371,4.43664339661e-07,1.22020814191e-34
-6.57303370787,0.00026269410428,0.0416023860624,0.166464941295,5.50212659446e-07,2.16800759409e-34
-6.53558052434,0.000229477198446,0.0413569063951,0.165712623266,6.80819380274e-07,3.84337672211e-34
-6.49812734082,0.000198504678141,0.0411128294688,0.164962549622,8.40540254292e-07,6.79814443618e-34
-6.4606741573,0.000169776543366,0.0408701552834,0.164214720364,1.03540533872e-06,1.19975645543e-33
-6.42322097378,0.00014329279412,0.040628883839,0.163469135491,1.27258722315e-06,2.11261850207e-33
-6.38576779026,0.000119053430403,0.0403890151356,0.162725795003,1.56059421599e-06,3.71171257546e-33
-6.34831460674,9.70584522156e-05,0.0401505491731,0.161984698902,1.90949138402e-06,6.50658149048e-33
-6.31086142322,7.73078595576e-05,0.0399134859515,0.161245847185,2.33115252002e-06,1.13803779166e-32
-6.2734082397,5.98016524288e-05,0.039677825471,0.160509239855,2.83954627502e-06,1.98602984621e-32
-6.23595505618,4.45398308294e-05,0.0394435677313,0.159774876909,3.45105982525e-06,3.4581205855e-32
-6.19850187266,3.15223947594e-05,0.0392107127327,0.15904275835,4.18486354034e-06,6.00785954912e-32
-6.16104868914,2.07493442186e-05,0.038979260475,0.158312884176,5.06332016899e-06,1.04141705345e-31
-6.12359550562,1.22206792072e-05,0.0387492109582,0.157585254387,6.11244204833e-06,1.80117070441e-31
-6.0861423221,5.93639972506e-06,0.0385205641824,0.156859868984,7.36239976256e-06,3.10820990432e-31
-6.04868913858,1.89650577228e-06,0.0382933201476,0.156136727966,8.8480855107e-06,5.3516916311e-31
-6.01123595506,1.0099734882e-07,0.0380674788537,0.155415831334,1.06097341787e-05,9.19384331161e-31
-5.97378277154,5.49874454684e-07,0.0378430403007,0.154697179088,1.26936047324e-05,1.57589903827e-30
-5.93632958801,3.24313708987e-06,0.0376200044888,0.153980771227,1.51527240417e-05,2.69516252169e-30
-5.89887640449,8.18078525439e-06,0.0373983714178,0.153266607752,1.80476945933e-05,4.59903593401e-30
-5.86142322097,1.53628189482e-05,0.0371781410877,0.152554688662,2.14475667447e-05,7.83021925065e-30
-5.82397003745,2.47892381714e-05,0.0369593134986,0.151845013957,2.5430775187e-05,1.3301674565e-29
-5.78651685393,3.64600429239e-05,0.0367418886504,0.151137583638,3.00861381254e-05,2.25457137976e-29
-5.74906367041,5.03752332057e-05,0.0365258665432,0.150432397705,3.55139163279e-05,3.8128255628e-29
-5.71161048689,6.65348090168e-05,0.036311247177,0.149729456157,4.1826927638e-05,6.43361635123e-29
-5.67415730337,8.49387703573e-05,0.0360980305517,0.149028758995,4.91517107916e-05,1.08315013482e-28
-5.63670411985,0.000105587117227,0.0358862166674,0.148330306218,5.76297304149e-05,1.81948061299e-28
-5.59925093633,0.000128479849626,0.035675805524,0.147634097827,6.74186129334e-05,3.04951997559e-28
-5.56179775281,0.000153616967555,0.0354667971216,0.146940133821,7.86934007798e-05,5.09965514058e-28
-5.52434456929,0.000180998471012,0.0352591914601,0.146248414201,9.1647809793e-05,8.50893899342e-28
-5.48689138577,0.000210624359999,0.0350529885396,0.145558938967,0.000106495472062,1.41656102076e-27
-5.44943820225,0.000242494634516,0.0348481883601,0.144871708118,0.000123471143733,2.35299194414e-27
-5.41198501873,0.000276609294562,0.0346447909215,0.144186721654,0.000142831854483,3.8996970426e-27
-5.37453183521,0.000312968340137,0.0344427962238,0.143503979576,0.000164857972576,6.44861684939e-27
-5.33707865169,0.000351571771241,0.0342422042671,0.142823481884,0.000189854156636,1.06396552008e-26
-5.29962546816,0.000392419587875,0.0340430150514,0.142145228577,0.00021815016262,1.75151479474e-26
-5.26217228464,0.000435511790038,0.0338452285766,0.141469219655,0.000250101472061,2.87690381338e-26
-5.22471910112,0.00048084837773,0.0336488448428,0.140795455119,0.000286089705422,4.71478778248e-26
-5.1872659176,0.000528429350952,0.03345386385,0.140123934969,0.000326522782633,7.70946485171e-26
-5.14981273408,0.000578254709703,0.0332602855981,0.139454659204,0.000371834791511,1.25780000422e-25
-5.11235955056,0.000630324453983,0.0330681100871,0.138787627825,0.000422485523965,2.04750149089e-25
-5.07490636704,0.000684638583793,0.0328773373171,0.138122840831,0.000478959639763,3.32553970352e-25
-5.03745318352,0.000741197099132,0.0326879672881,0.137460298223,0.000541765418228,5.3892126875e-25
-5,0.0008,0.0325,0.1368,0.000611433059675,8.7139243565e-25
-4.96254681648,0.000861047286398,0.0323134354529,0.136141946163,0.000688512500807,1.40581289759e-24
-4.92509363296,0.000924338958325,0.0321282736467,0.135486136711,0.000773570711609,2.26290612002e-24
-4.88764044944,0.000989875015781,0.0319445145815,0.134832571645,0.000867188445777,3.6343841207e-24
-4.85018726592,0.00105765545877,0.0317621582572,0.134181250964,0.000969956422192,5.82398692573e-24
-4.8127340824,0.00112768028728,0.0315812046739,0.133532174669,0.00108247092165,9.31183414721e-24
-4.77528089888,0.00119994950133,0.0314016538316,0.13288534276,0.00120532879081,1.48550921e-23
-4.73782771536,0.0012744631009,0.0312235057302,0.132240755236,0.00133912185426,2.36450774578e-23
-4.70037453184,0.001351221086,0.0310467603698,0.131598412097,0.00148443074534,3.75518561926e-23
-4.66292134831,0.00143022345663,0.0308714177503,0.130958313344,0.0016418181775,5.95041633048e-23
-4.62546816479,0.0015114702128,0.0306974778718,0.130320458977,0.00181182168926,9.40781075055e-23
-4.58801498127,0.00159496135449,0.0305249407342,0.129684848995,0.00199494590863,1.48407232958e-22
-4.55056179775,0.00168069688171,0.0303538063376,0.129051483399,0.00219165439509,2.33586015645e-22
-4.51310861423,0.00176867679446,0.0301840746819,0.128420362188,0.00240236113103,3.66829188976e-22
-4.47565543071,0.00185890109274,0.0300157457672,0.127791485362,0.00262742174681,5.74786035283e-22
-4.43820224719,0.00195136977654,0.0298488195935,0.127164852923,0.00286712457713,8.98615295423e-22
-4.40074906367,0.00204608284588,0.0296832961607,0.126540464868,0.00312168165812,1.40173746314e-21
-4.36329588015,0.00214304030075,0.0295191754689,0.1259183212,0.00339121978628,2.18164875394e-21
-4.32584269663,0.00224224214114,0.029356457518,0.125298421916,0.00367577177029,3.3878818476e-21
-4.28838951311,0.00234368836707,0.0291951423081,0.124680767019,0.00397526801548,5.24924637753e-21
-4.25093632959,0.00244737897852,0.0290352298391,0.124065356507,0.00428952858757,8.11504503381e-21
-4.21348314607,0.00255331397551,0.0288767201111,0.12345219038,0.00461825590681,1.25172863393e-20
-4.17602996255,0.00266149335802,0.028719613124,0.122841268639,0.00496102822587,1.92643657724e-20
-4.13857677903,0.00277191712606,0.0285639088779,0.122232591283,0.00531729404456,2.95817947816e-20
-4.10112359551,0.00288458527964,0.0284096073728,0.121626158313,0.0056863676107,4.53230992651e-20
-4.06367041199,0.00299949781874,0.0282567086086,0.121021969729,0.00606742565063,6.92851171695e-20
-4.02621722846,0.00311665474337,0.0281052125854,0.12042002553,0.00645950546271,1.05678243774e-19
-3.98876404494,0.00323605605353,0.0279551193031,0.119820325716,0.00686150449508,1.60826086695e-19
-3.95131086142,0.00335770174922,0.0278064287618,0.119222870289,0.00727218151268,2.44203946208e-19
-3.9138576779,0.00348159183044,0.0276591409614,0.118627659246,0.00769015944008,3.69976497282e-19
-3.87640449438,0.00360772629718,0.027513255902,0.118034692589,0.00811392994483,5.59269159304e-19
-3.83895131086,0.00373610514946,0.0273687735836,0.117443970318,0.00854185980204,8.43515138551e-19
-3.80149812734,0.00386672838727,0.0272256940061,0.116855492432,0.00897219905446,1.26937566221e-18
-3.76404494382,0.0039995960106,0.0270840171695,0.116269258932,0.00940309095439,1.90595537947e-18
-3.7265917603,0.00413470801947,0.026943743074,0.115685269817,0.00983258364416,2.85535799696e-18
-3.68913857678,0.00427206441386,0.0268048717193,0.115103525088,0.0102586435018,4.26809109328e-18
-3.65168539326,0.00441166519379,0.0266674031057,0.114524024744,0.0106791700482,6.36549335304e-18
-3.61423220974,0.00455351035924,0.026531337233,0.113946768786,0.0110920122829,9.47230631432e-18
-3.57677902622,0.00469759991022,0.0263966741012,0.113371757214,0.0114949862844,1.40638645266e-17
-3.5393258427,0.00484393384674,0.0262634137104,0.112798990027,0.0118858938879,2.08342989051e-17
-3.50187265918,0.00499251216878,0.0261315560605,0.112228467225,0.0122625422246,3.07948705369e-17
-3.46441947566,0.00514333487635,0.0260011011517,0.111660188809,0.0126227638869,4.54154007107e-17
-3.42696629213,0.00529640196945,0.0258720489837,0.111094154778,0.0129644374662,6.68271890757e-17
-3.38951310861,0.00545171344808,0.0257443995567,0.110530365133,0.0132855081937,9.81134423199e-17
-3.35205992509,0.00560926931224,0.0256181528707,0.109968819874,0.0135840084064,1.43723938008e-16
-3.31460674157,0.00576906956192,0.0254933089256,0.109409519,0.0138580775554,2.10065619441e-16
-3.27715355805,0.00593111419714,0.0253698677215,0.108852462512,0.0141059814721,3.06341705302e-16
-3.23970037453,0.00609540321789,0.0252478292584,0.108297650409,0.0143261306146,4.45740963903e-16
-3.20224719101,0.00626193662416,0.0251271935362,0.107745082692,0.0145170970262,6.47119140999e-16
-3.16479400749,0.00643071441597,0.0250079605549,0.10719475936,0.0146776297529,9.37370366152e-16
-3.12734082397,0.0066017365933,0.0248901303146,0.106646680414,0.0148066684871,1.35476344338e-15
-3.08988764045,0.00677500315617,0.0247737028153,0.106100845853,0.0149033552293,1.95362405681e-15
-3.05243445693,0.00695051410456,0.0246586780569,0.105557255678,0.0149670437896,2.81088964447e-15
-3.01498127341,0.00712826943848,0.0245450560395,0.105015909888,0.0149973069791,4.03526325097e-15
-2.97752808989,0.00730826915793,0.024432836763,0.104476808484,0.014993941383,5.77996521624e-15
-2.94007490637,0.00749051326292,0.0243220202275,0.103939951465,0.0149569696365,8.26045278346e-15
-2.90262172285,0.00767500175343,0.024212606433,0.103405338832,0.0148866401724,1.17789819739e-14
-2.86516853933,0.00786173462947,0.0241045953794,0.102872970585,0.0147834244401,1.67585691965e-14
-2.82771535581,0.00805071189104,0.0239979870667,0.102342846722,0.0146480116427,2.37898329492e-14
-2.79026217228,0.00824193353813,0.023892781495,0.101814967246,0.0144813010726,3.36954393722e-14
-2.75280898876,0.00843539957076,0.0237889786643,0.101289332155,0.0142843921661,4.76185460411e-14
-2.71535580524,0.00863110998892,0.0236865785745,0.10076594145,0.014058572429,6.71438768464e-14
-2.67790262172,0.0088290647926,0.0235855812257,0.10024479513,0.0138053034213,9.44630517826e-14
-2.6404494382,0.00902926398182,0.0234859866179,0.0997258931953,0.0135262050119,1.32599780858e-13
-2.60299625468,0.00923170755657,0.0233877947509,0.0992092356465,0.0132230381417,1.857158269e-13
-2.56554307116,0.00943639551684,0.023291005625,0.0986948224831,0.0128976863516,2.59525658777e-13
-2.52808988764,0.00964332786264,0.02319561924,0.0981826537053,0.012552136345,3.61856987772e-13
-2.49063670412,0.00985250459398,0.023101635596,0.0976727293131,0.0121884578658,5.034065951e-13
-2.4531835206,0.0100639257108,0.0230090546929,0.0971650493063,0.0118087831742,6.98756907243e-13
-2.41573033708,0.0102775912132,0.0229178765307,0.0966596136851,0.0114152864049,9.67739800365e-13
-2.37827715356,0.0104935011012,0.0228281011096,0.0961564224495,0.0110101630828,1.33726157961e-12
-2.34082397004,0.0107116553746,0.0227397284294,0.0956554755993,0.0105956100628,1.84373885235e-12
-2.30337078652,0.0109320540336,0.0226527584901,0.0951567731347,0.0101738061448,2.53634147523e-12
-2.265917603,0.0111546970781,0.0225671912918,0.0946603150556,0.00974689359526,3.48129891928e-12
-2.22846441948,0.0113795845081,0.0224830268344,0.0941661013621,0.00931696078503,4.76760408032e-12
-2.19101123596,0.0116067163237,0.022400265118,0.093674132054,0.00888602612761,6.51454856538e-12
-2.15355805243,0.0118360925248,0.0223189061426,0.0931844071315,0.00845602347436,8.88165184423e-12
-2.11610486891,0.0120677131114,0.0222389499081,0.0926969265946,0.00802878909454,1.2081710912e-11
-2.07865168539,0.0123015780836,0.0221603964146,0.0922116904431,0.00760605033769,1.63979066733e-11
-2.04119850187,0.0125376874413,0.022083245662,0.0917286986772,0.00718941604559,2.22061698142e-11
-2.00374531835,0.0127760411845,0.0220074976504,0.0912479512968,0.00678036875108,3.00043469442e-11
-1.96629213483,0.0130166393132,0.0219331523798,0.090769448302,0.00638025867173,4.04501350932e-11
-1.92883895131,0.0132594818275,0.02186020985,0.0902931896927,0.00599029947869,5.44102911587e-11
-1.89138576779,0.0135045687273,0.0217886700613,0.0898191754689,0.0056115657949,7.30242994236e-11
-1.85393258427,0.0137519000126,0.0217185330135,0.0893474056306,0.0052449923535,9.77865275013e-11
-1.81647940075,0.0140014756835,0.0216497987067,0.0888778801779,0.00489137472592,1.30651958695e-10
-1.77902621723,0.0142532957399,0.0215824671408,0.0884105991107,0.004551371511,1.74171904793e-10
-1.74157303371,0.0145073601818,0.0215165383159,0.087945562429,0.00422550786158,2.31667735571e-10
-1.70411985019,0.0147636690092,0.0214520122319,0.0874827701328,0.00391418021248,3.07452679041e-10
-1.66666666667,0.0150222222222,0.0213888888889,0.0870222222222,0.0036176620653,4.07114232594e-10
-1.62921348315,0.0152830198207,0.0213271682868,0.0865639186971,0.00333611067956,5.37872777966e-10
-1.59176029963,0.0155460618048,0.0212668504257,0.0861078595576,0.00306957451685,7.0903572893e-10
-1.5543071161,0.0158113481743,0.0212079353056,0.0856540448035,0.00281800128498,9.32571096779e-10
-1.51685393258,0.0160788789294,0.0211504229264,0.085202474435,0.00258124643153,1.22382989581e-09
-1.47940074906,0.0163486540701,0.0210943132882,0.0847531484521,0.00235908194157,1.60245351645e-09
-1.44194756554,0.0166206735962,0.0210396063909,0.0843060668546,0.00215120530124,2.09351028447e-09
-1.40449438202,0.0168949375079,0.0209863022346,0.0838612296427,0.0019572484982,2.72891515214e-09
-1.3670411985,0.0171714458051,0.0209344008192,0.0834186368163,0.00177678693984,3.54919811735e-09
-1.32958801498,0.0174501984878,0.0208839021448,0.0829782883755,0.00160934818237,4.60570086886e-09
-1.29213483146,0.0177311955561,0.0208348062113,0.0825401843202,0.00145442037561,5.96329767905e-09
-1.25468164794,0.0180144370099,0.0207871130188,0.0821043246504,0.00131146034182,7.70375612847e-09
-1.21722846442,0.0182999228492,0.0207408225673,0.0816707093661,0.00117990121945,9.9298763139e-09
-1.1797752809,0.0185876530741,0.0206959348567,0.0812393384674,0.0010591596161,1.27705742794e-08
-1.14232209738,0.0188776276845,0.0206524498871,0.0808102119542,0.000948642227612,1.63871070855e-08
-1.10486891386,0.0191698466804,0.0206103676584,0.0803833298265,0.000847751892306,2.09806738073e-08
-1.06741573034,0.0194643100619,0.0205696881707,0.0799586920843,0.000755893061102,2.68016695e-08
-1.02996254682,0.0197610178288,0.0205304114239,0.0795362987277,0.000672476674777,3.41609184774e-08
-0.992509363296,0.0200599699813,0.0204925374181,0.0791161497566,0.000596924449373,4.34432698795e-08
-0.955056179775,0.0203611665194,0.0204560661533,0.0786982451711,0.000528672579444,5.51240031923e-08
-0.917602996255,0.0206646074429,0.0204209976294,0.078282584971,0.000467174876343,6.97885649248e-08
-0.880149812734,0.020970292752,0.0203873318464,0.0778691691565,0.000411905365231,8.81562407838e-08
-0.842696629213,0.0212782224467,0.0203550688044,0.0774579977276,0.000362360369752,1.11108461152e-07
-0.805243445693,0.0215883965268,0.0203242085034,0.0770490706841,0.000318060117592,1.39722542136e-07
-0.767790262172,0.0219008149925,0.0202947509433,0.0766423880262,0.000278549903258,1.75311780444e-07
-0.730337078652,0.0222154778437,0.0202666961242,0.0762379497538,0.000243400846619,2.19472948349e-07
-0.692883895131,0.0225323850804,0.0202400440461,0.075835755867,0.000212210287032,2.7414237514e-07
-0.65543071161,0.0228515367027,0.0202147947089,0.0754358063656,0.000184601853314,3.41661953836e-07
-0.61797752809,0.0231729327105,0.0201909481126,0.0750381012498,0.000160225249526,4.24856576137e-07
-0.580524344569,0.0234965731038,0.0201685042573,0.0746426405196,0.000138755795664,5.27124673898e-07
-0.543071161049,0.0238224578827,0.020147463143,0.0742494241748,0.000119893760844,6.52543730753e-07
-0.505617977528,0.0241505870471,0.0201278247696,0.0738584522156,0.000103363524721,8.05992821043e-07
-0.468164794007,0.024480960597,0.0201095891372,0.073469724642,8.89126006296e-05,9.93294432699e-07
-0.430711610487,0.0248135785325,0.0200927562457,0.0730832414538,7.63105514175e-05,1.22137803309e-06
-0.393258426966,0.0251484408534,0.0200773260952,0.0726990026512,6.53478263088e-05,1.49846803819e-06
-0.355805243446,0.0254855475599,0.0200632986856,0.0723170082341,5.58345443165e-05,1.83429904102e-06
-0.318352059925,0.025824898652,0.020050674017,0.0719372582025,4.75992469378e-05,2.24036133964e-06
-0.280898876404,0.0261664941295,0.0200394520894,0.0715597525565,4.04876400593e-05,2.73017997063e-06
-0.243445692884,0.0265103339926,0.0200296329027,0.071184491296,3.43613422826e-05,3.31963059421e-06
-0.205992509363,0.0268564182412,0.020021216457,0.070811474421,2.90966542662e-05,4.02729568181e-06
-0.168539325843,0.0272047468754,0.0200142027522,0.0704407019316,2.45833612131e-05,4.8748645164e-06
-0.131086142322,0.0275553198951,0.0200085917884,0.0700721738277,2.07235783312e-05,5.88758051935e-06
-0.0936329588015,0.0279081373003,0.0200043835655,0.0697058901093,1.74306469791e-05,7.09473935184e-06
-0.0561797752809,0.028263199091,0.0200015780836,0.0693418507764,1.46280872918e-05,8.53024109116e-06
-0.0187265917603,0.0286205052673,0.0200001753426,0.0689800558291,1.22486113618e-05,1.02331995387e-05
0.0187265917603,0.0289800558291,0.0200001753426,0.0686205052673,1.02331995387e-05,1.22486113618e-05
0.0561797752809,0.0293418507764,0.0200015780836,0.068263199091,8.53024109116e-06,1.46280872918e-05
0.0936329588015,0.0297058901093,0.0200043835655,0.0679081373003,7.09473935184e-06,1.74306469791e-05
0.131086142322,0.0300721738277,0.0200085917884,0.0675553198951,5.88758051935e-06,2.07235783312e-05
0.168539325843,0.0304407019316,0.0200142027522,0.0672047468754,4.8748645164e-06,2.45833612131e-05
0.205992509363,0.030811474421,0.020021216457,0.0668564182412,4.02729568181e-06,2.90966542662e-05
0.243445692884,0.031184491296,0.0200296329027,0.0665103339926,3.31963059421e-06,3.43613422826e-05
0.280898876404,0.0315597525565,0.0200394520894,0.0661664941295,2.73017997063e-06,4.04876400593e-05
0.318352059925,0.0319372582025,0.020050674017,0.065824898652,2.24036133964e-06,4.75992469378e-05
0.355805243446,0.0323170082341,0.0200632986856,0.0654855475599,1.83429904102e-06,5.58345443165e-05
0.393258426966,0.0326990026512,0.0200773260952,0.0651484408534,1.49846803819e-06,6.53478263088e-05
0.430711610487,0.0330832414538,0.0200927562457,0.0648135785325,1.22137803309e-06,7.63105514175e-05
0.468164794007,0.033469724642,0.0201095891372,0.064480960597,9.93294432699e-07,8.89126006296e-05
0.505617977528,0.0338584522156,0.0201278247696,0.0641505870471,8.05992821043e-07,0.000103363524721
0.543071161049,0.0342494241748,0.020147463143,0.0638224578827,6.52543730753e-07,0.000119893760844
0.580524344569,0.0346426405196,0.0201685042573,0.0634965731038,5.27124673898e-07,0.000138755795664
0.61797752809,0.0350381012498,0.0201909481126,0.0631729327105,4.24856576137e-07,0.000160225249526
0.65543071161,0.0354358063656,0.0202147947089,0.0628515367027,3.41661953836e-07,0.000184601853314
0.692883895131,0.035835755867,0.0202400440461,0.0625323850804,2.7414237514e-07,0.000212210287032
0.730337078652,0.0362379497538,0.0202666961242,0.0622154778437,2.19472948349e-07,0.000243400846619
0.767790262172,0.0366423880262,0.0202947509433,0.0619008149925,1.75311780444e-07,0.000278549903258
0.805243445693,0.0370490706841,0.0203242085034,0.0615883965268,1.39722542136e-07,0.000318060117592
0.842696629213,0.0374579977276,0.0203550688044,0.0612782224467,1.11108461152e-07,0.000362360369752
0.880149812734,0.0378691691565,0.0203873318464,0.060970292752,8.81562407838e-08,0.000411905365231
0.917602996255,0.038282584971,0.0204209976294,0.0606646074429,6.97885649248e-08,0.000467174876343
0.955056179775,0.0386982451711,0.0204560661533,0.0603611665194,5.51240031923e-08,0.000528672579444
0.992509363296,0.0391161497566,0.0204925374181,0.0600599699813,4.34432698795e-08,0.000596924449373
1.02996254682,0.0395362987277,0.0205304114239,0.0597610178288,3.41609184774e-08,0.000672476674777
1.06741573034,0.0399586920843,0.0205696881707,0.0594643100619,2.68016695e-08,0.000755893061102
1.10486891386,0.0403833298265,0.0206103676584,0.0591698466804,2.09806738073e-08,0.000847751892306
1.14232209738,0.0408102119542,0.0206524498871,0.0588776276845,1.63871070855e-08,0.000948642227612
1.1797752809,0.0412393384674,0.0206959348567,0.0585876530741,1.27705742794e-08,0.0010591596161
1.21722846442,0.0416707093661,0.0207408225673,0.0582999228492,9.9298763139e-09,0.00117990121945
1.25468164794,0.0421043246504,0.0207871130188,0.0580144370099,7.70375612847e-09,0.00131146034182
1.29213483146,0.0425401843202,0.0208348062113,0.0577311955561,5.96329767905e-09,0.00145442037561
1.32958801498,0.0429782883755,0.0208839021448,0.0574501984878,4.60570086886e-09,0.00160934818237
1.3670411985,0.0434186368163,0.0209344008192,0.0571714458051,3.54919811735e-09,0.00177678693984
1.40449438202,0.0438612296427,0.0209863022346,0.0568949375079,2.72891515214e-09,0.0019572484982
1.44194756554,0.0443060668546,0.0210396063909,0.0566206735962,2.09351028447e-09,0.00215120530124
1.47940074906,0.0447531484521,0.0210943132882,0.0563486540701,1.60245351645e-09,0.00235908194157
1.51685393258,0.045202474435,0.0211504229264,0.0560788789294,1.22382989581e-09,0.00258124643153
1.5543071161,0.0456540448035,0.0212079353056,0.0558113481743,9.32571096779e-10,0.00281800128498
1.59176029963,0.0461078595576,0.0212668504257,0.0555460618048,7.0903572893e-10,0.00306957451685
1.62921348315,0.0465639186971,0.0213271682868,0.0552830198207,5.37872777966e-10,0.00333611067956
1.66666666667,0.0470222222222,0.0213888888889,0.0550222222222,4.07114232594e-10,0.0036176620653
1.70411985019,0.0474827701328,0.0214520122319,0.0547636690092,3.07452679041e-10,0.00391418021248
1.74157303371,0.047945562429,0.0215165383159,0.0545073601818,2.31667735571e-10,0.00422550786158
1.77902621723,0.0484105991107,0.0215824671408,0.0542532957399,1.74171904793e-10,0.004551371511
1.81647940075,0.0488778801779,0.0216497987067,0.0540014756835,1.30651958695e-10,0.00489137472592
1.85393258427,0.0493474056306,0.0217185330135,0.0537519000126,9.77865275013e-11,0.0052449923535
1.89138576779,0.0498191754689,0.0217886700613,0.0535045687273,7.30242994236e-11,0.0056115657949
1.92883895131,0.0502931896927,0.02186020985,0.0532594818275,5.44102911587e-11,0.00599029947869
1.96629213483,0.050769448302,0.0219331523798,0.0530166393132,4.04501350932e-11,0.00638025867173
2.00374531835,0.0512479512968,0.0220074976504,0.0527760411845,3.00043469442e-11,0.00678036875108
2.04119850187,0.0517286986772,0.022083245662,0.0525376874413,2.22061698142e-11,0.00718941604559
2.07865168539,0.0522116904431,0.0221603964146,0.0523015780836,1.63979066733e-11,0.00760605033769
2.11610486891,0.0526969265946,0.0222389499081,0.0520677131114,1.2081710912e-11,0.00802878909454
2.15355805243,0.0531844071315,0.0223189061426,0.0518360925248,8.88165184423e-12,0.00845602347436
2.19101123596,0.053674132054,0.022400265118,0.0516067163237,6.51454856538e-12,0.00888602612761
2.22846441948,0.0541661013621,0.0224830268344,0.0513795845081,4.76760408032e-12,0.00931696078503
2.265917603,0.0546603150556,0.0225671912918,0.0511546970781,3.48129891928e-12,0.00974689359526
2.30337078652,0.0551567731347,0.0226527584901,0.0509320540336,2.53634147523e-12,0.0101738061448
2.34082397004,0.0556554755993,0.0227397284294,0.0507116553746,1.84373885235e-12,0.0105956100628
2.37827715356,0.0561564224495,0.0228281011096,0.0504935011012,1.33726157961e-12,0.0110101630828
2.41573033708,0.0566596136851,0.0229178765307,0.0502775912132,9.67739800365e-13,0.0114152864049
2.4531835206,0.0571650493063,0.0230090546929,0.0500639257108,6.98756907243e-13,0.0118087831742
2.49063670412,0.0576727293131,0.023101635596,0.049852504594,5.034065951e-13,0.0121884578658
2.52808988764,0.0581826537053,0.02319561924,0.0496433278626,3.61856987772e-13,0.012552136345
2.56554307116,0.0586948224831,0.023291005625,0.0494363955168,2.59525658777e-13,0.0128976863516
2.60299625468,0.0592092356465,0.0233877947509,0.0492317075566,1.85715826899e-13,0.0132230381417
2.6404494382,0.0597258931953,0.0234859866179,0.0490292639818,1.32599780858e-13,0.0135262050119
2.67790262172,0.0602447951297,0.0235855812257,0.0488290647926,9.44630517826e-14,0.0138053034213
2.71535580524,0.0607659414496,0.0236865785745,0.0486311099889,6.71438768464e-14,0.014058572429
2.75280898876,0.061289332155,0.0237889786643,0.0484353995708,4.76185460411e-14,0.0142843921661
2.79026217228,0.061814967246,0.023892781495,0.0482419335381,3.36954393722e-14,0.0144813010726
2.82771535581,0.0623428467225,0.0239979870667,0.048050711891,2.37898329492e-14,0.0146480116427
2.86516853933,0.0628729705845,0.0241045953794,0.0478617346295,1.67585691965e-14,0.0147834244401
2.90262172285,0.0634053388321,0.024212606433,0.0476750017534,1.17789819739e-14,0.0148866401724
2.94007490637,0.0639399514652,0.0243220202275,0.0474905132629,8.26045278346e-15,0.0149569696365
2.97752808989,0.0644768084838,0.024432836763,0.0473082691579,5.77996521624e-15,0.014993941383
3.01498127341,0.0650159098879,0.0245450560395,0.0471282694385,4.03526325097e-15,0.0149973069791
3.05243445693,0.0655572556776,0.0246586780569,0.0469505141046,2.81088964447e-15,0.0149670437896
3.08988764045,0.0661008458528,0.0247737028153,0.0467750031562,1.95362405681e-15,0.0149033552293
3.12734082397,0.0666466804135,0.0248901303146,0.0466017365933,1.35476344338e-15,0.0148066684871
3.16479400749,0.0671947593598,0.0250079605549,0.046430714416,9.37370366152e-16,0.0146776297529
3.20224719101,0.0677450826916,0.0251271935362,0.0462619366242,6.47119140999e-16,0.0145170970262
3.23970037453,0.0682976504089,0.0252478292584,0.0460954032179,4.45740963903e-16,0.0143261306146
3.27715355805,0.0688524625117,0.0253698677215,0.0459311141971,3.06341705302e-16,0.0141059814721
3.31460674157,0.0694095190001,0.0254933089256,0.0457690695619,2.10065619441e-16,0.0138580775554
3.35205992509,0.069968819874,0.0256181528707,0.0456092693122,1.43723938008e-16,0.0135840084064
3.38951310861,0.0705303651335,0.0257443995567,0.0454517134481,9.81134423199e-17,0.0132855081937
3.42696629213,0.0710941547784,0.0258720489837,0.0452964019694,6.68271890757e-17,0.0129644374662
3.46441947566,0.0716601888089,0.0260011011517,0.0451433348763,4.54154007107e-17,0.0126227638869
3.50187265918,0.072228467225,0.0261315560605,0.0449925121688,3.07948705369e-17,0.0122625422246
3.5393258427,0.0727989900265,0.0262634137104,0.0448439338467,2.08342989051e-17,0.0118858938879
3.57677902622,0.0733717572136,0.0263966741012,0.0446975999102,1.40638645266e-17,0.0114949862844
3.61423220974,0.0739467687862,0.026531337233,0.0445535103592,9.47230631432e-18,0.0110920122829
3.65168539326,0.0745240247444,0.0266674031057,0.0444116651938,6.36549335304e-18,0.0106791700482
3.68913857678,0.075103525088,0.0268048717193,0.0442720644139,4.26809109328e-18,0.0102586435018
3.7265917603,0.0756852698172,0.026943743074,0.0441347080195,2.85535799696e-18,0.00983258364416
3.76404494382,0.076269258932,0.0270840171695,0.0439995960106,1.90595537947e-18,0.00940309095439
3.80149812734,0.0768554924322,0.0272256940061,0.0438667283873,1.26937566221e-18,0.00897219905446
3.83895131086,0.077443970318,0.0273687735836,0.0437361051495,8.4351513855e-19,0.00854185980204
3.87640449438,0.0780346925893,0.027513255902,0.0436077262972,5.59269159304e-19,0.00811392994483
3.9138576779,0.0786276592462,0.0276591409614,0.0434815918304,3.69976497282e-19,0.00769015944008
3.95131086142,0.0792228702885,0.0278064287618,0.0433577017492,2.44203946208e-19,0.00727218151268
3.98876404494,0.0798203257164,0.0279551193031,0.0432360560535,1.60826086695e-19,0.00686150449508
4.02621722846,0.0804200255299,0.0281052125854,0.0431166547434,1.05678243774e-19,0.00645950546271
4.06367041199,0.0810219697289,0.0282567086086,0.0429994978187,6.92851171695e-20,0.00606742565063
4.10112359551,0.0816261583133,0.0284096073728,0.0428845852796,4.53230992651e-20,0.0056863676107
4.13857677903,0.0822325912834,0.0285639088779,0.0427719171261,2.95817947816e-20,0.00531729404456
4.17602996255,0.0828412686389,0.028719613124,0.042661493358,1.92643657724e-20,0.00496102822587
4.21348314607,0.08345219038,0.0288767201111,0.0425533139755,1.25172863393e-20,0.00461825590681
4.25093632959,0.0840653565066,0.0290352298391,0.0424473789785,8.11504503381e-21,0.00428952858757
4.28838951311,0.0846807670188,0.0291951423081,0.0423436883671,5.24924637753e-21,0.00397526801548
4.32584269663,0.0852984219164,0.029356457518,0.0422422421411,3.3878818476e-21,0.00367577177029
4.36329588015,0.0859183211996,0.0295191754689,0.0421430403007,2.18164875394e-21,0.00339121978628
4.40074906367,0.0865404648684,0.0296832961607,0.0420460828459,1.40173746314e-21,0.00312168165812
4.43820224719,0.0871648529226,0.0298488195935,0.0419513697765,8.98615295423e-22,0.00286712457713
4.47565543071,0.0877914853624,0.0300157457672,0.0418589010927,5.74786035283e-22,0.00262742174681
4.51310861423,0.0884203621877,0.0301840746819,0.0417686767945,3.66829188976e-22,0.00240236113103
4.55056179775,0.0890514833986,0.0303538063376,0.0416806968817,2.33586015645e-22,0.00219165439509
4.58801498127,0.0896848489949,0.0305249407342,0.0415949613545,1.48407232958e-22,0.00199494590863
4.62546816479,0.0903204589768,0.0306974778718,0.0415114702128,9.40781075055e-23,0.00181182168926
4.66292134831,0.0909583133443,0.0308714177503,0.0414302234566,5.95041633048e-23,0.0016418181775
4.70037453184,0.0915984120972,0.0310467603698,0.041351221086,3.75518561926e-23,0.00148443074534
4.73782771536,0.0922407552357,0.0312235057302,0.0412744631009,2.36450774578e-23,0.00133912185426
4.77528089888,0.0928853427598,0.0314016538316,0.0411999495013,1.48550921e-23,0.00120532879081
4.8127340824,0.0935321746693,0.0315812046739,0.0411276802873,9.31183414721e-24,0.00108247092165
4.85018726592,0.0941812509644,0.0317621582572,0.0410576554588,5.82398692573e-24,0.000969956422192
4.88764044944,0.094832571645,0.0319445145815,0.0409898750158,3.6343841207e-24,0.000867188445777
4.92509363296,0.0954861367111,0.0321282736467,0.0409243389583,2.26290612002e-24,0.000773570711609
4.96254681648,0.0961419461628,0.0323134354529,0.0408610472864,1.40581289759e-24,0.000688512500807
5,0.0968,0.0325,0.0408,8.7139243565e-25,0.000611433059675
5.03745318352,0.0974602982227,0.0326879672881,0.0407411970991,5.3892126875e-25,0.000541765418228
5.07490636704,0.098122840831,0.0328773373171,0.0406846385838,3.32553970352e-25,0.000478959639763
5.11235955056,0.0987876278248,0.0330681100871,0.040630324454,2.04750149089e-25,0.000422485523965
5.14981273408,0.0994546592041,0.0332602855981,0.0405782547097,1.25780000422e-25,0.000371834791511
5.1872659176,0.100123934969,0.03345386385,0.040528429351,7.70946485171e-26,0.000326522782633
5.22471910112,0.100795455119,0.0336488448428,0.0404808483777,4.71478778248e-26,0.000286089705422
5.26217228464,0.101469219655,0.0338452285766,0.04043551179,2.87690381338e-26,0.000250101472061
5.29962546816,0.102145228577,0.0340430150514,0.0403924195879,1.75151479474e-26,0.00021815016262
5.33707865169,0.102823481884,0.0342422042671,0.0403515717712,1.06396552008e-26,0.000189854156636
5.37453183521,0.103503979576,0.0344427962238,0.0403129683401,6.44861684939e-27,0.000164857972576
5.41198501873,0.104186721654,0.0346447909215,0.0402766092946,3.8996970426e-27,0.000142831854483
5.44943820225,0.104871708118,0.0348481883601,0.0402424946345,2.35299194414e-27,0.000123471143733
5.48689138577,0.105558938967,0.0350529885396,0.04021062436,1.41656102076e-27,0.000106495472062
5.52434456929,0.106248414201,0.0352591914601,0.040180998471,8.50893899342e-28,9.1647809793e-05
5.56179775281,0.106940133821,0.0354667971216,0.0401536169676,5.09965514058e-28,7.86934007798e-05
5.59925093633,0.107634097827,0.035675805524,0.0401284798496,3.04951997559e-28,6.74186129334e-05
5.63670411985,0.108330306218,0.0358862166674,0.0401055871172,1.81948061299e-28,5.76297304149e-05
5.67415730337,0.109028758995,0.0360980305517,0.0400849387704,1.08315013482e-28,4.91517107916e-05
5.71161048689,0.109729456157,0.036311247177,0.040066534809,6.43361635123e-29,4.1826927638e-05
5.74906367041,0.110432397705,0.0365258665432,0.0400503752332,3.8128255628e-29,3.55139163279e-05
5.78651685393,0.111137583638,0.0367418886504,0.0400364600429,2.25457137976e-29,3.00861381254e-05
5.82397003745,0.111845013957,0.0369593134986,0.0400247892382,1.3301674565e-29,2.5430775187e-05
5.86142322097,0.112554688662,0.0371781410877,0.0400153628189,7.83021925065e-30,2.14475667447e-05
5.89887640449,0.113266607752,0.0373983714178,0.0400081807853,4.59903593401e-30,1.80476945933e-05
5.93632958801,0.113980771227,0.0376200044888,0.0400032431371,2.69516252169e-30,1.51527240417e-05
5.97378277154,0.114697179088,0.0378430403007,0.0400005498745,1.57589903827e-30,1.26936047324e-05
6.01123595506,0.115415831334,0.0380674788537,0.0400001009973,9.19384331161e-31,1.06097341787e-05
6.04868913858,0.116136727966,0.0382933201476,0.0400018965058,5.3516916311e-31,8.8480855107e-06
6.0861423221,0.116859868984,0.0385205641824,0.0400059363997,3.10820990432e-31,7.36239976256e-06
6.12359550562,0.117585254387,0.0387492109582,0.0400122206792,1.80117070441e-31,6.11244204833e-06
6.16104868914,0.118312884176,0.038979260475,0.0400207493442,1.04141705345e-31,5.06332016899e-06
6.19850187266,0.11904275835,0.0392107127327,0.0400315223948,6.00785954912e-32,4.18486354034e-06
6.23595505618,0.119774876909,0.0394435677313,0.0400445398308,3.4581205855e-32,3.45105982525e-06
6.2734082397,0.120509239855,0.039677825471,0.0400598016524,1.98602984621e-32,2.83954627502e-06
6.31086142322,0.121245847185,0.0399134859515,0.0400773078596,1.13803779166e-32,2.33115252002e-06
6.34831460674,0.121984698902,0.0401505491731,0.0400970584522,6.50658149048e-33,1.90949138402e-06
6.38576779026,0.122725795003,0.0403890151356,0.0401190534304,3.71171257546e-33,1.56059421599e-06
6.42322097378,0.123469135491,0.040628883839,0.0401432927941,2.11261850207e-33,1.27258722315e-06
6.4606741573,0.124214720364,0.0408701552834,0.0401697765434,1.19975645543e-33,1.03540533872e-06
6.49812734082,0.124962549622,0.0411128294688,0.0401985046781,6.79814443618e-34,8.40540254292e-07
6.53558052434,0.125712623266,0.0413569063951,0.0402294771984,3.84337672211e-34,6.80819380274e-07
6.57303370787,0.126464941295,0.0416023860624,0.0402626941043,2.16800759409e-34,5.50212659446e-07
6.61048689139,0.12721950371,0.0418492684706,0.0402981553956,1.22020814191e-34,4.43664339661e-07
6.64794007491,0.127976310511,0.0420975536198,0.0403358610725,6.852236023e-35,3.5694700557e-07
6.68539325843,0.128735361697,0.0423472415099,0.040375811135,3.83933479301e-35,2.86535369893e-07
6.72284644195,0.129496657268,0.042598332141,0.0404180055829,2.1463716888e-35,2.29497527222e-07
6.76029962547,0.130260197225,0.0428508255131,0.0404624444164,1.19723430839e-35,1.8340157369e-07
6.79775280899,0.131025981568,0.0431047216261,0.0405091276354,6.66313560334e-36,1.46235690782e-07
6.83520599251,0.131794010296,0.04336002048,0.0405580552399,3.7000144973e-36,1.16339978663e-07
6.87265917603,0.13256428341,0.0436167220749,0.04060922723,2.04999817943e-36,9.23485018615e-08
6.91011235955,0.133336800909,0.0438748264108,0.0406626436056,1.13325801883e-36,7.31401766258e-08
6.94756554307,0.134111562794,0.0441343334876,0.0407183043667,6.25071074162e-37,5.77972840368e-08
6.98501872659,0.134888569064,0.0443952433054,0.0407762095134,3.43997494039e-37,4.55705355765e-08
7.02247191011,0.13566781972,0.0446575558642,0.0408363590456,1.88888897386e-37,3.58497482588e-08
7.05992509363,0.136449314761,0.0449212711639,0.0408987529633,1.03486300051e-37,2.81393048001e-08
7.09737827715,0.137233054188,0.0451863892045,0.0409633912665,5.65697896724e-38,2.20376810271e-08
7.13483146067,0.138019038,0.0454529099861,0.0410302739553,3.08540048836e-38,1.72204183395e-08
7.17228464419,0.138807266198,0.0457208335087,0.0410994010296,1.67905065919e-38,1.34260041863e-08
7.20973782772,0.139597738782,0.0459901597722,0.0411707724894,9.1167769803e-39,1.04441989157e-08
7.24719101124,0.140390455751,0.0462608887767,0.0412443883348,4.93905813595e-39,8.106413758e-09
7.28464419476,0.141185417105,0.0465330205221,0.0413202485657,2.66975999457e-39,6.27780287463e-09
7.32209737828,0.141982622845,0.0468065550085,0.0413983531821,1.43987761383e-39,4.85078312612e-09
7.3595505618,0.142782072971,0.0470814922358,0.0414787021841,7.74826051059e-40,3.73973920746e-09
7.39700374532,0.143583767482,0.0473578322041,0.0415612955715,4.16014170648e-40,2.87670979848e-09
7.43445692884,0.144387706378,0.0476355749134,0.0416461333446,2.22862660165e-40,2.20788304019e-09
7.47191011236,0.14519388966,0.0479147203636,0.0417332155031,1.19121943866e-40,1.690757607e-09
7.50936329588,0.146002317328,0.0481952685548,0.0418225420472,6.35289253837e-41,1.2918494731e-09
7.5468164794,0.146812989381,0.0484772194869,0.0419141129768,3.38046561102e-41,9.84844696456e-10
7.58426966292,0.14762590582,0.04876057316,0.0420079282919,1.79476177441e-41,7.49115640015e-10
7.62172284644,0.148441066644,0.049045329574,0.0421039879925,9.50741334665e-42,5.68532444879e-10
7.65917602996,0.149258471854,0.049331488729,0.0422022920787,5.02508273099e-42,4.30513643467e-10
7.69662921348,0.150078121449,0.0496190506249,0.0423028405504,2.65002110277e-42,3.25269888182e-10
7.734082397,0.15090001543,0.0499080152618,0.0424056334077,1.39437864927e-42,2.45203168174e-10
7.77153558052,0.151724153797,0.0501983826397,0.0425106706505,7.32044348018e-43,1.84430850849e-10
7.80898876404,0.152550536548,0.0504901527585,0.0426179522788,3.83459353089e-43,1.38409639715e-10
7.84644194757,0.153379163686,0.0507833256183,0.0427274782926,2.00413307025e-43,1.03639278819e-10
7.88389513109,0.154210035209,0.051077901219,0.0428392486919,1.04510289144e-43,7.74297223746e-11
7.92134831461,0.155043151117,0.0513738795607,0.0429532634768,5.4377197353e-44,5.7718667676e-11
7.95880149813,0.155878511411,0.0516712606433,0.0430695226473,2.82292842177e-44,4.29289403954e-11
7.99625468165,0.156716116091,0.0519700444669,0.0431880262032,1.46220474346e-44,3.18573257346e-11
8.03370786517,0.157555965156,0.0522702310314,0.0433087741447,7.55686713179e-45,2.35881422932e-11
8.07116104869,0.158398058607,0.0525718203369,0.0434317664717,3.89673309459e-45,1.74262298303e-11
8.10861423221,0.159242396443,0.0528748123834,0.0435570031842,2.00486350034e-45,1.28451272773e-11
8.14606741573,0.160088978664,0.0531792071708,0.0436844842823,1.02918686402e-45,9.44710325125e-12
8.18352059925,0.160937805272,0.0534850046992,0.0438142097659,5.27143596598e-46,6.93240916581e-12
8.22097378277,0.161788876264,0.0537922049685,0.043946179635,2.69394616079e-46,5.07568882986e-12
8.25842696629,0.162642191642,0.0541008079788,0.0440803938897,1.3736439078e-46,3.70792607242e-12
8.29588014981,0.163497751406,0.05441081373,0.0442168525298,6.98851163412e-47,2.70266625906e-12
8.33333333333,0.164355555556,0.0547222222222,0.0443555555556,3.54748441669e-47,1.96552715674e-12
8.37078651685,0.16521560409,0.0550350334554,0.0444965029668,1.79672485642e-47,1.42623455117e-12
8.40823970037,0.166077897011,0.0553492474295,0.0446396947636,9.07962540561e-48,1.03259051997e-12
8.4456928839,0.166942434317,0.0556648641445,0.0447851309459,4.57803978458e-48,7.45917145085e-13
8.48314606742,0.167809216008,0.0559818836006,0.0449328115137,2.30311948392e-48,5.37623596066e-13
8.52059925094,0.168678242085,0.0563003057975,0.0450827364671,1.15605541424e-48,3.86626242798e-13
8.55805243446,0.169549512548,0.0566201307355,0.0452349058059,5.78983397482e-49,2.77414790755e-13
8.59550561798,0.170423027396,0.0569413584143,0.0453893195304,2.89320258535e-49,1.98606368959e-13
8.6329588015,0.171298786629,0.0572639888342,0.0455459776403,1.44250342961e-49,1.41867202948e-13
8.67041198502,0.172176790248,0.057588021995,0.0457048801358,7.17596216113e-50,1.01110467135e-13
8.70786516854,0.173057038253,0.0579134578967,0.0458660270168,3.56179320767e-50,7.19010947954e-14
8.74531835206,0.173939530643,0.0582402965394,0.0460294182833,1.76393484125e-50,5.10152671505e-14
8.78277153558,0.174824267419,0.0585685379231,0.0461950539354,8.71608890352e-51,3.6115206555e-14
8.8202247191,0.17571124858,0.0588981820477,0.046362933973,4.29720467951e-51,2.55096979687e-14
8.85767790262,0.176600474126,0.0592292289133,0.0465330583961,2.11385748634e-51,1.79781833799e-14
8.89513108614,0.177491944059,0.0595616785198,0.0467054272048,1.03750606575e-51,1.26418773067e-14
8.93258426966,0.178385658376,0.0598955308673,0.0468800403989,5.08078550053e-52,8.86957094531e-15
8.97003745318,0.17928161708,0.0602307859558,0.0470568979787,2.4825405554e-52,6.20896094996e-15
9.0074906367,0.180179820169,0.0605674437852,0.0472359999439,1.210283519e-52,4.33671139139e-15
9.04494382022,0.181080267643,0.0609055043555,0.0474173462947,5.8871237158e-53,3.02222914108e-15
9.08239700375,0.181982959503,0.0612449676668,0.047600937031,2.85722526237e-53,2.10145228101e-15
9.11985018727,0.182887895748,0.0615858337191,0.0477867721528,1.3836016649e-53,1.45793093877e-15
9.15730337079,0.183795076379,0.0619281025123,0.0479748516601,6.68502362333e-54,1.0092055903e-15
9.19475655431,0.184704501396,0.0622717740465,0.048165175553,3.22270158307e-54,6.97023817976e-16
9.23220973783,0.185616170798,0.0626168483216,0.0483577438314,1.55010998679e-54,4.80331275427e-16
9.26966292135,0.186530084585,0.0629633253377,0.0485525564954,7.43926812704e-55,3.3026259424e-16
9.30711610487,0.187446242758,0.0633112050948,0.0487496135449,3.56224007601e-55,2.26570407787e-16
9.34456928839,0.188364645317,0.0636604875928,0.0489489149799,1.70192898376e-55,1.55085880601e-16
9.38202247191,0.189285292261,0.0640111728317,0.0491504608004,8.11306507029e-56,1.05917228984e-16
9.41947565543,0.190208183591,0.0643632608116,0.0493542510065,3.85881323881e-56,7.21749074666e-17
9.45692883895,0.191133319306,0.0647167515325,0.0495602855981,1.83125083697e-56,4.90717037835e-17
9.49438202247,0.192060699407,0.0650716449943,0.0497685645752,8.67096011011e-57,3.32890433051e-17
9.53183520599,0.192990323893,0.0654279411971,0.0499790879378,4.09648921826e-57,2.253184562e-17
9.56928838951,0.193922192765,0.0657856401408,0.050191855686,1.93099753669e-57,1.52165954828e-17
9.60674157303,0.194856306022,0.0661447418255,0.0504068678197,9.08190383751e-58,1.02532961114e-17
9.64419475655,0.195792663665,0.0665052462512,0.050624124339,4.26184209053e-58,6.89342063535e-18
9.68164794007,0.196731265693,0.0668671534178,0.0508436252437,1.99546026892e-58,4.62414384821e-18
9.7191011236,0.197672112107,0.0672304633253,0.051065370534,9.32210717583e-59,3.09494665069e-18
9.75655430712,0.198615202906,0.0675951759739,0.0512893602099,4.34520603492e-59,2.06680866937e-18
9.79400749064,0.199560538091,0.0679612913633,0.0515155942712,2.02084001179e-59,1.37712276503e-18
9.83146067416,0.200508117662,0.0683288094938,0.0517440727181,9.3773206367e-60,9.15525228629e-19
9.86891385768,0.201457941618,0.0686977303651,0.0519747955505,4.34161066701e-60,6.07285974406e-19
9.9063670412,0.202410009959,0.0690680539775,0.0522077627684,2.00561819527e-60,4.01921706135e-19
9.94382022472,0.203364322687,0.0694397803308,0.0524429743719,9.24423382501e-61,2.65408573228e-19
9.98127340824,0.204320879799,0.069812909425,0.0526804303609,4.25127167225e-61,1.74869355394e-19
10.0187265918,0.205279681297,0.0701874412602,0.0529201307355,1.95070713067e-61,1.14957615446e-19
10.0561797753,0.206240727181,0.0705633758364,0.0531620754955,8.93080403356e-62,7.54027282562e-20
10.0936329588,0.20720401745,0.0709407131535,0.0534062646411,4.07956938478e-62,4.93471015504e-20
10.1310861423,0.208169552105,0.0713194532116,0.0536526981722,1.85935948606e-62,3.22226692757e-20
10.1685393258,0.209137331145,0.0716995960106,0.0539013760889,8.45546856695e-63,2.09935872507e-20
10.2059925094,0.210107354571,0.0720811415506,0.0541522983911,3.83651827031e-63,1.36469962026e-20
10.2434456929,0.211079622382,0.0724640898315,0.0544054650788,1.73684929954e-63,8.85141621391e-21
10.2808988764,0.212054134579,0.0728484408534,0.054660876152,7.84534923052e-64,5.72814140656e-21
10.3183520599,0.213030891161,0.0732341946163,0.0549185316108,3.5358000635e-64,3.69862221726e-21
10.3558052434,0.214009892129,0.0736213511201,0.0551784314551,1.58996803627e-64,2.38282140865e-21
10.393258427,0.214991137483,0.0740099103649,0.0554405756849,7.13369215024e-65,1.53168087069e-21
10.4307116105,0.215974627222,0.0743998723506,0.0557049643002,3.19349036031e-65,9.82359296086e-22
10.468164794,0.216960361346,0.0747912370772,0.0559715973011,1.42640263076e-65,6.28633767571e-22
10.5056179775,0.217948339856,0.0751840045449,0.0562404746875,6.35687875936e-66,4.01375008787e-22
10.543071161,0.218938562752,0.0755781747535,0.0565115964595,2.82664326199e-66,2.55698526959e-22
10.5805243446,0.219931030033,0.075973747703,0.056784962617,1.25407453843e-66,1.62529200838e-22
10.6179775281,0.220925741699,0.0763707233935,0.05706057316,5.55138023745e-67,1.03076544137e-22
10.6554307116,0.221922697751,0.076769101825,0.0573384280885,2.45190633287e-67,6.52249229523e-23
10.6928838951,0.222921898189,0.0771688829974,0.0576185274025,1.08051811292e-67,4.11805910692e-23
10.7303370787,0.223923343012,0.0775700669107,0.0579008711021,4.75100517286e-68,2.59416056171e-23
10.7677902622,0.224927032221,0.0779726535651,0.0581854591873,2.08431920841e-68,1.63052103205e-23
10.8052434457,0.225932965815,0.0783766429603,0.0584722916579,9.12364196676e-69,1.02254218393e-23
10.8426966292,0.226941143795,0.0787820350966,0.0587613685141,3.98471728112e-69,6.39825194636e-24
10.8801498127,0.22795156616,0.0791888299738,0.0590526897558,1.73640915973e-69,3.99453947437e-24
10.9176029963,0.228964232911,0.0795970275919,0.059346255383,7.54973831668e-70,2.48826925115e-24
10.9550561798,0.229979144047,0.080006627951,0.0596420653958,3.27519381391e-70,1.54651203511e-24
10.9925093633,0.230996299569,0.0804176310511,0.0599401197941,1.41764466261e-70,9.59035119394e-25
11.0299625468,0.232015699477,0.0808300368921,0.0602404185779,6.12241895575e-71,5.93391053068e-25
11.0674157303,0.23303734377,0.0812438454741,0.0605429617473,2.63817729616e-71,3.66330224771e-25
11.1048689139,0.234061232448,0.081659056797,0.0608477493021,1.1342536562e-71,2.25647115768e-25
11.1423220974,0.235087365512,0.0820756708609,0.0611547812425,4.8656590442e-72,1.38679445583e-25
11.1797752809,0.236115742962,0.0824936876657,0.0614640575685,2.0825643694e-72,8.50393011545e-26
11.2172284644,0.237146364797,0.0829131072115,0.06177557828,8.89365893051e-73,5.20298464329e-26
11.2546816479,0.238179231017,0.0833339294982,0.062089343377,3.78955123105e-73,3.17622076987e-26
11.2921348315,0.239214341624,0.0837561545259,0.0624053528595,1.6110921099e-73,1.93461296709e-26
11.329588015,0.240251696615,0.0841797822946,0.0627236067275,6.83405130105e-74,1.17571696032e-26
11.3670411985,0.241291295992,0.0846048128042,0.0630441049811,2.89242012192e-74,7.12913350519e-27
11.404494382,0.242333139755,0.0850312460548,0.0633668476202,1.22143339414e-74,4.31316416167e-27
11.4419475655,0.243377227903,0.0854590820463,0.0636918346449,5.14639931472e-75,2.60363741593e-27
11.4794007491,0.244423560437,0.0858883207788,0.0640190660551,2.1635276376e-75,1.56815972533e-27
11.5168539326,0.245472137356,0.0863189622522,0.0643485418508,9.07500117545e-76,9.42378487009e-28
11.5543071161,0.246522958661,0.0867510064666,0.064680262032,3.79801091302e-76,5.65048474266e-28
11.5917602996,0.247576024352,0.087184453422,0.0650142265988,1.5859555182e-76,3.38042516139e-28
11.6292134831,0.248631334427,0.0876193031183,0.0653504355511,6.60771148828e-77,2.01781906183e-28
11.6666666667,0.249688888889,0.0880555555556,0.0656888888889,2.74685932056e-77,1.20176178835e-28
11.7041198502,0.250748687736,0.0884932107338,0.0660295866122,1.13932345729e-77,7.14134208524e-29
11.7415730337,0.251810730968,0.0889322686529,0.0663725287211,4.71501345218e-78,4.23415311825e-29
11.7790262172,0.252875018586,0.0893727293131,0.0667177152155,1.94690207935e-78,2.50483173524e-29
11.8164794007,0.25394155059,0.0898145927142,0.0670651460955,8.02103769885e-79,1.47848128167e-29
11.8539325843,0.255010326979,0.0902578588562,0.0674148213609,3.29717715302e-79,8.70719718671e-30
11.8913857678,0.256081347754,0.0907025277392,0.0677667410119,1.3523194111e-79,5.11642019891e-30
11.9288389513,0.257154612914,0.0911485993632,0.0681209050485,5.53403061936e-80,2.99971023954e-30
11.9662921348,0.258230122459,0.0915960737281,0.0684773134705,2.25958721766e-80,1.75475982242e-30
12.0037453184,0.25930787639,0.0920449508339,0.0688359662781,9.20538457062e-81,1.0241918942e-30
12.0411985019,0.260387874707,0.0924952306808,0.0691968634712,3.7417954252e-81,5.96444807916e-31
12.0786516854,0.261470117409,0.0929469132685,0.0695600050499,1.5175514307e-81,3.46564812835e-31
12.1161048689,0.262554604497,0.0933999985973,0.069925391014,6.14090067555e-82,2.00920359087e-31
12.1535580524,0.26364133597,0.0938544866669,0.0702930213637,2.47939661168e-82,1.16222095331e-31
12.191011236,0.264730311829,0.0943103774776,0.070662896099,9.9881535315e-83,6.70777878995e-32
12.2284644195,0.265821532074,0.0947676710292,0.0710350152197,4.01466850733e-83,3.86272720852e-32
12.265917603,0.266914996704,0.0952263673217,0.071409378726,1.61005031724e-83,2.21939509165e-32
12.3033707865,0.268010705719,0.0956864663553,0.0717859866179,6.44250081421e-84,1.27233208607e-32
12.34082397,0.26910865912,0.0961479681297,0.0721648388952,2.5721411128e-84,7.27765750794e-33
12.3782771536,0.270208856906,0.0966108726451,0.0725459355581,1.02461421312e-84,4.15344078591e-33
12.4157303371,0.271311299078,0.0970751799015,0.0729292766065,4.07240757443e-85,2.36510109293e-33
12.4531835206,0.272415985636,0.0975408898989,0.0733148620404,1.61498083472e-85,1.3437444083e-33
12.4906367041,0.273522916579,0.0980080026372,0.0737026918599,6.39011663133e-86,7.61743763099e-34
12.5280898876,0.274632091908,0.0984765181164,0.0740927660649,2.52275730673e-86,4.30850319973e-34
12.5655430712,0.275743511622,0.0989464363366,0.0744850846554,9.93727792406e-87,2.43147163931e-34
12.6029962547,0.276857175721,0.0994177572978,0.0748796476315,3.90557224323e-87,1.36910662689e-34
12.6404494382,0.277973084207,0.0998904809999,0.0752764549931,1.53153593269e-87,7.69184656734e-35
12.6779026217,0.279091237077,0.100364607443,0.0756755067402,5.99231978001e-88,4.31170687531e-35
12.7153558052,0.280211634333,0.100840136627,0.0760768028728,2.33931145782e-88,2.41153250339e-35
12.7528089888,0.281334275975,0.101317068552,0.076480343391,9.11184640265e-89,1.34574348847e-35
12.7902621723,0.282459162003,0.101795403218,0.0768861282947,3.54119635345e-89,7.49301721046e-36
12.8277153558,0.283586292415,0.102275140625,0.0772941575839,1.37315291168e-89,4.16271280416e-36
12.8651685393,0.284715667214,0.102756280773,0.0777044312587,5.31267283098e-90,2.30739232318e-36
12.9026217228,0.285847286398,0.103238823661,0.078116949319,2.05084348296e-90,1.27612058304e-36
12.9400749064,0.286981149967,0.103722769291,0.0785317117648,7.89909320024e-91,7.04185794188e-37
12.9775280899,0.288117257922,0.104208117662,0.0789487185961,3.03561880715e-91,3.87710962998e-37
13.0149812734,0.289255610262,0.104694868774,0.079367969813,1.16397193068e-91,2.12987530877e-37
13.0524344569,0.290396206988,0.105183022626,0.0797894654154,4.45310623219e-92,1.16741576051e-37
13.0898876404,0.2915390481,0.10567257922,0.0802132054034,1.69984326838e-92,6.38443105094e-38
13.127340824,0.292684133597,0.106163538554,0.0806391897768,6.47410858976e-93,3.48372709163e-38
13.1647940075,0.29383146348,0.10665590063,0.0810674185358,2.46023365436e-93,1.89666804109e-38
13.202247191,0.294981037748,0.107149665446,0.0814978916803,9.32820338104e-94,1.0303002439e-38
13.2397003745,0.296132856401,0.107644833004,0.0819306092104,3.52894535461e-94,5.58420759061e-39
13.2771535581,0.297286919441,0.108141403302,0.082365571126,1.33203960029e-94,3.01984451287e-39
13.3146067416,0.298443226865,0.108639376341,0.0828027774271,5.01665938389e-95,1.62941941173e-39
13.3520599251,0.299601778676,0.109138752122,0.0832422281137,1.88511291596e-95,8.77215839868e-40
13.3895131086,0.300762574871,0.109639530643,0.0836839231859,7.06781867378e-96,4.71200041597e-40
13.4269662921,0.301925615453,0.110141711905,0.0841278626436,2.6439832826e-96,2.5253957826e-40
13.4644194757,0.303090900419,0.110645295908,0.0845740464868,9.86863954214e-97,1.3504510826e-40
13.5018726592,0.304258429772,0.111150282652,0.0850224747156,3.67520140341e-97,7.20532441809e-41
13.5393258427,0.30542820351,0.111656672137,0.0854731473299,1.36562128349e-97,3.83577829722e-41
13.5767790262,0.306600221633,0.112164464363,0.0859260643297,5.06296220647e-98,2.03741139757e-41
13.6142322097,0.307774484142,0.11267365933,0.086381225715,1.87285592839e-98,1.07976498728e-41
13.6516853933,0.308950991036,0.113184257038,0.0868386314859,6.91240746186e-99,5.70959135357e-42
13.6891385768,0.310129742316,0.113696257487,0.0872982816423,2.54553789316e-99,3.01235455454e-42
13.7265917603,0.311310737982,0.114209660677,0.0877601761843,9.35308924201e-100,1.58574161558e-42
13.7640449438,0.312493978033,0.114724466608,0.0882243151117,3.42890825938e-100,8.32883073849e-43
13.8014981273,0.31367946247,0.115240675279,0.0886906984247,1.25424370207e-100,4.36476558665e-43
13.8389513109,0.314867191292,0.115758286692,0.0891593261232,4.57755180525e-101,2.28224933135e-43
13.8764044944,0.316057164499,0.116277300846,0.0896301982073,1.66690129044e-101,1.19066757894e-43
13.9138576779,0.317249382093,0.11679771774,0.0901033146769,6.05636126753e-102,6.19788114632e-44
13.9513108614,0.318443844071,0.117319537376,0.090578675532,2.19552779523e-102,3.21900191441e-44
13.9887640449,0.319640550436,0.117842759753,0.0910562807726,7.94129595684e-103,1.66810929355e-44
14.0262172285,0.320839501185,0.11836738487,0.0915361303988,2.86595323418e-103,8.62487966921e-45
14.063670412,0.322040696321,0.118893412728,0.0920182244105,1.03198193021e-103,4.4494554541e-45
14.1011235955,0.323244135841,0.119420843328,0.0925025628077,3.70766393246e-104,2.29026616644e-45
14.138576779,0.324449819748,0.119949676668,0.0929891455905,1.3290885214e-104,1.1762247875e-45
14.1760299625,0.32565774804,0.12047991275,0.0934779727588,4.75371048124e-105,6.02726065139e-46
14.2134831461,0.326867920717,0.121011551572,0.0939690443126,1.69643343963e-105,3.08159027299e-46
14.2509363296,0.32808033778,0.121544593135,0.0944623602519,6.04040692574e-106,1.57200923063e-46
14.2883895131,0.329294999228,0.122079037439,0.0949579205768,2.14595615704e-106,8.0013001971e-47
14.3258426966,0.330511905062,0.122614884484,0.0954557252872,7.60677847062e-107,4.06341625456e-47
14.3632958801,0.331731055282,0.12315213427,0.0959557743831,2.69033256257e-107,2.05895729046e-47
14.4007490637,0.332952449887,0.123690786797,0.0964580678646,9.49372053765e-108,1.04094704878e-47
14.4382022472,0.334176088878,0.124230842065,0.0969626057316,3.34265992351e-108,5.25091773355e-48
14.4756554307,0.335401972254,0.124772300074,0.0974693879841,1.17428421014e-108,2.64281684295e-48
14.5131086142,0.336630100015,0.125315160824,0.0979784146222,4.11603940424e-109,1.3271627798e-48
14.5505617978,0.337860472163,0.125859424315,0.0984896856458,1.43949812003e-109,6.64976957614e-49
14.5880149813,0.339093088695,0.126405090547,0.0990032010549,5.02305526083e-110,3.32440766992e-49
14.6254681648,0.340327949614,0.12695215952,0.0995189608495,1.74884003135e-110,1.65823940198e-49
14.6629213483,0.341565054917,0.127500631233,0.10003696503,6.07515679677e-111,8.25287867877e-50
14.7003745318,0.342804404607,0.128050505688,0.100557213595,2.10566933543e-111,4.09816053751e-50
14.7378277154,0.344045998681,0.128601782884,0.101079706547,7.28195732749e-112,2.03047547857e-50
14.7752808989,0.345289837142,0.12915446282,0.101604443883,2.51264632447e-112,1.00376444165e-50
14.8127340824,0.346535919988,0.129708545498,0.102131425606,8.65047331805e-113,4.95097963805e-51
14.8501872659,0.347784247219,0.130264030916,0.102660651713,2.97148577238e-113,2.436552365e-51
14.8876404494,0.349034818836,0.130820919076,0.103192122207,1.01843359093e-113,1.1964254273e-51
14.925093633,0.350287634838,0.131379209976,0.103725837086,3.48270789926e-114,5.8616623096e-52
14.9625468165,0.351542695226,0.131938903618,0.10426179635,1.18830154688e-114,2.86537344407e-52
