time_fs,lambda_au_inv,lambda_fs_inv,mu,residual_strength_au,ess_normalized,mean_poisson_order,max_poisson_order,population_d,population_exact,norm_u,group_population_std,phase_aligned_error,cumulative_rms_wavefunction_error,cpu_elapsed_s
0.0,0.0,0.0,0.0,0.0035323855308282246,1.0,0.0,0,1.0,1.0,1.0,0.0,0.0,0.0,0.0
1.0,0.02814262721733956,1.1634548933391389,0.11634548933391389,0.003517828402167445,0.9987711876151975,2.0,2,0.9863063997328392,0.9861423344459169,0.9999263674640889,0.0,0.0034111057737588866,0.0034111057737588866,0.8118728090030345
2.0,0.027889040916037132,1.1529712870697035,0.11529712870697036,0.0034861301145046415,0.9991073941955744,2.0,2,0.9699665398631532,0.969967485493383,0.9999691115323877,0.0,0.005231221663418422,0.004415955315194517,1.6939250890027324
3.0,0.02766364200745538,1.1436529863610487,0.11436529863610488,0.0034579552509319223,0.9978060566321824,2.0,2,0.9541477486601844,0.9540974048988234,1.0000126633201434,0.0,0.00683950869040884,0.005347279738888034,2.451349153002411
4.0,0.02742546671660784,1.1338064924474205,0.11338064924474206,0.00342818333957598,0.9991787413675838,2.0,2,0.9386196171984591,0.9384905767953742,1.0000064036757608,0.0,0.007987318921135696,0.006115093322380693,3.2725809840012516
5.0,0.027195441886846385,1.1242969497985176,0.11242969497985177,0.003399430235855798,0.799558080820368,2.25,3,0.9230472723913485,0.9229449140457703,1.0000506451932256,0.0,0.009176352560532211,0.006837878496739845,4.087526839003658
6.0,0.02697154687806404,1.1150408223747947,0.11150408223747947,0.003371443359758005,0.7999409037044813,2.25,3,0.9079305527848434,0.9078537665864514,1.0001454661190603,0.0,0.010250858437814191,0.007515129300207151,4.865042730003552
7.0,0.026748383660039846,1.1058149481869155,0.11058149481869156,0.003343547957504981,0.9983786338524265,2.0,2,0.8930032635356955,0.8928814682609928,1.000147063016479,0.0,0.011461784800519542,0.008196127319013997,5.728231727002822
8.0,0.02652456296930075,1.0965618931732561,0.10965618931732563,0.0033155703711625936,0.998321873205236,2.0,2,0.8783311873730008,0.8783234150136162,1.0001030625155898,0.0,0.01243992757742638,0.008838745098556316,6.515251769002134
9.0,0.026297019485575758,1.087154932780299,0.1087154932780299,0.0032871274356969698,0.9990666534728742,2.0,2,0.8636030075891962,0.8638222013265815,1.0001020144708765,0.0,0.013293649635900207,0.009438152125990765,7.364361204001398
10.0,0.02608189515437187,1.0782613972236306,0.10782613972236306,0.0032602368942964838,0.9998118587624857,2.0,2,0.8496012615404389,0.849684601192474,1.0001052160390373,0.0,0.014040419014357866,0.009994207352656027,8.140409736002766
11.0,0.0258640753442363,1.0692564268627862,0.10692564268627863,0.0032330094180295374,0.9969029330276045,2.0,2,0.8354304019499289,0.8356642206334508,1.0001527628843565,0.0,0.015071966836686466,0.010557229278405368,8.953056401004687
12.0,0.02565088239317381,1.0604427372159917,0.10604427372159918,0.003206360299146726,0.9979891007967782,2.0,2,0.8218933070441445,0.8220032605971926,1.0002015111363889,0.0,0.015624806258916055,0.011068500956293633,9.916541542005689
13.0,0.025440085319239338,1.051728096422984,0.10517280964229841,0.003180010664904917,0.9993311161749875,2.0,2,0.8083824693946124,0.8084691304629289,1.0002493905965746,0.0,0.016264504953764105,0.011551472375098716,10.792204022006445
14.0,0.025229739707975738,1.04303211971736,0.104303211971736,0.0031537174634969673,0.9994535488528564,2.0,2,0.7950676577306206,0.7952272499317428,1.000340573996082,0.0,0.016710080584890836,0.011993752765437751,11.630591557005573
15.0,0.02501833825362181,1.0342924930070452,0.10342924930070453,0.003127292281702726,0.9999367525405606,2.0,2,0.7817793615556227,0.7821279817417294,1.0003022951530474,0.0,0.017361482352542087,0.012423962183500802,12.617584993005948
16.0,0.024812189902553943,1.025770036807365,0.10257700368073652,0.003101523737819243,0.9992425154802149,2.0,2,0.7690171250771566,0.76930717291468,1.0002628266035383,0.0,0.017712130443175194,0.012818546402312753,13.64243394400637
17.0,0.0246092323680218,1.0173794933492908,0.10173794933492909,0.003076154046002725,0.9998408749130545,2.0,2,0.7563693425239729,0.7566586221556111,1.000266470174561,0.0,0.018062988185484255,0.013184914847437152,14.704731908006579
18.0,0.02440752741468048,1.0090407333194131,0.10090407333194132,0.00305094092683506,0.9994884155104982,2.0,2,0.7439856580743877,0.7442518112604327,1.0002720895699722,0.0,0.018402551125785836,0.013527682605223568,15.577843115005635
19.0,0.02420658531398938,1.0007335106666941,0.10007335106666942,0.0030258231642486724,0.9994484125439417,2.0,2,0.7317914735596694,0.7320159745115654,1.0004326150885934,0.0,0.019120353413686942,0.013878334980298796,16.435991134005235
20.0,0.024011212121313304,0.9926565143262026,0.09926565143262027,0.003001401515164163,0.9996021188559372,2.0,2,0.7198788657608362,0.7199991156841187,1.0004307252063327,0.0,0.019918317709153647,0.014241304074847048,17.240003932006402
21.0,0.02381114935240185,0.9843856444579625,0.09843856444579627,0.0029763936690502314,0.9997952666389538,2.0,2,0.7078938652665521,0.7081695201311218,1.0004386304172697,0.0,0.020370209281316557,0.014591648396077444,18.087700036005117
22.0,0.02361877544481595,0.9764326426858435,0.09764326426858436,0.0029523469306019937,0.9999543036890675,2.0,2,0.6964409160514227,0.6965455339731078,1.000487340677445,0.0,0.020995671881367382,0.01494240229402065,18.947188075002487
23.0,0.023420726454380522,0.9682450251878935,0.09682450251878935,0.0029275908067975653,0.9998716154908022,2.0,2,0.6848191356618718,0.6851063203013941,1.0005295605689233,0.0,0.021535719467368618,0.015288309986984484,19.789658735002376
24.0,0.0232316550914284,0.9604285551505327,0.09604285551505327,0.00290395688642855,0.999984724738764,2.0,2,0.6736736160694842,0.673854468508761,1.000608640030152,0.0,0.021776327929824247,0.015612567280405101,20.673242693002067
25.0,0.02303866257105749,0.9524499790755513,0.09524499790755514,0.0028798328213821864,0.9998080255258294,2.0,2,0.6624386271325856,0.6627874191584198,1.000621339060333,0.0,0.02201701255301926,0.01591829514967483,21.53369303400268
26.0,0.022850882866259546,0.9446869079617662,0.09446869079617663,0.0028563603582824433,0.9999108483566226,2.0,2,0.6516654000530806,0.6519020853881022,1.000669383161916,0.0,0.022413053838223243,0.016216264383161177,22.393435148002027
27.0,0.0226634658194995,0.936938829629769,0.09369388296297691,0.0028329332274374375,0.9989747336528676,2.0,2,0.6409796584591011,0.6411988546192146,1.0006829272352424,0.0,0.022657239499473802,0.01649971772586343,23.214847807002116
28.0,0.02247705987458322,0.929232551637829,0.09292325516378291,0.0028096324843229024,0.9997895611225048,2.0,2,0.6303794959130139,0.63066760666044,1.0006970538219124,0.0,0.023007214192445797,0.016775652425882748,24.15232915300203
29.0,0.02229298288705626,0.9216225559456922,0.09216225559456923,0.0027866228608820326,0.9999467500278026,2.0,2,0.6200894436474124,0.6203116560165781,1.0007051564830067,0.0,0.023340828105467205,0.01704418664919133,25.028624076003325
30.0,0.022110019757581176,0.9140586086765021,0.09140586086765022,0.002763752469697647,0.999760739726977,2.0,2,0.6099390194998568,0.6101227872314151,1.000744009436783,0.0,0.02372975350915273,0.017308693248429464,25.83731842600355
31.0,0.021929558553604716,0.9065980944465115,0.09065980944465116,0.0027411948192005895,0.9998042403911823,2.0,2,0.6000139119086157,0.6001047875325912,1.000820126223602,0.0,0.02410064606615679,0.017568820438724993,26.63265512000271
32.0,0.021746259119569594,0.8990202438845334,0.08990202438845334,0.0027182823899461993,0.9999306074542534,2.0,2,0.5900379573478478,0.5902488532427517,1.0008936442197092,0.0,0.02441082204008672,0.0178224360292422,27.36744925500261
33.0,0.021570759771665334,0.8917648596050147,0.08917648596050148,0.0026963449714581668,0.999361321179997,2.0,2,0.5803990610409163,0.5805566795270333,1.0009034236556047,0.0,0.0248593880188787,0.018075971330788372,28.120488070002466
34.0,0.021392915614823173,0.8844125377008856,0.08844125377008857,0.0026741144518528967,0.9999097350941066,2.0,2,0.5709273641141865,0.5710215565973527,1.0009733079034369,0.0,0.025084347189944248,0.0183204072000281,28.90381905900267
35.0,0.021217662588983773,0.8771673367141166,0.08771673367141167,0.0026522078236229716,0.9999534405158278,2.0,2,0.5615997242572772,0.56164467489719,1.0010428072010489,0.0,0.02548175535071409,0.01856339619089002,29.690645400003632
36.0,0.021042878721348843,0.8699415313724139,0.0869941531372414,0.0026303598401686053,0.9997629821300775,2.0,2,0.5523144973775286,0.5524207796748914,1.0010158304736765,0.0,0.025724856987195895,0.01879919989573281,30.45702822700332
37.0,0.020873073924771297,0.8629215676723341,0.08629215676723341,0.002609134240596412,0.9999549699410244,2.0,2,0.543414596358944,0.5433492780250214,1.001057106355453,0.0,0.025899688292253534,0.019025978580895598,31.204857671003992
38.0,0.0206980089024642,0.8556841390100156,0.08556841390100157,0.002587251112808025,0.9999659726720771,2.0,2,0.5344435356556112,0.5344259448692233,1.0010377444842389,0.0,0.02631296398614326,0.0192531083814932,32.0017542170026
39.0,0.020527421662726558,0.8486318280341699,0.084863182803417,0.0025659277078408198,0.9997450670038158,2.0,2,0.5256492089213365,0.5256495940237984,1.0010506664691916,0.0,0.026504814476481516,0.019472813474381838,32.794720137000695
40.0,0.02035619581483678,0.8415531161194996,0.08415531161194996,0.0025445244768545973,0.9999676040152974,2.0,2,0.5169039208989052,0.5170170982988564,1.0010609688040504,0.0,0.02675327895221424,0.019687664954489648,33.640391232000184
41.0,0.02018881015738837,0.8346331629563084,0.08346331629563085,0.0025236012696735464,0.9999855115647039,2.0,2,0.5084315011396435,0.5085266307609327,1.0011323372784613,0.0,0.027122015371554745,0.01990205882977967,34.44605984000009
42.0,0.0200214940640661,0.8277160856697129,0.0827716085669713,0.0025026867580082626,0.7349897294486097,2.25,3,0.5000841625066328,0.5001754507322649,1.0012357414655833,0.0,0.02722306466948072,0.020107369545838978,35.24748903899945
43.0,0.01985612453220531,0.8208794819096313,0.08208794819096314,0.002482015566525664,0.999913587294437,2.0,2,0.49184801342555323,0.4919614463907803,1.0012238811456131,0.0,0.027301500315130144,0.020303646677657886,36.06872006199865
44.0,0.019693565373430942,0.8141590628360132,0.08141590628360133,0.0024616956716788678,0.9999904062929897,2.0,2,0.48380681244251433,0.4838823078697606,1.0012022885083292,0.0,0.027519114098474247,0.020495863541902717,36.82861379800124
45.0,0.019528970888487696,0.8073545005808637,0.08073545005808637,0.002441121361060962,0.7239039250050835,2.25,3,0.47580325325537165,0.47593586550897743,1.0012156444004574,0.0,0.027879639707139196,0.020688597445960397,37.63651241500065
46.0,0.019368289723457437,0.8007117203500718,0.08007117203500717,0.0024210362154321796,0.9999955551097005,2.0,2,0.46795461676554667,0.4681199460518163,1.0012549295848643,0.0,0.028131290063183507,0.020878625628006103,38.60276427400004
47.0,0.01920776100972069,0.7940752426653095,0.07940752426653096,0.0024009701262150862,0.9999564258879606,2.0,2,0.46032091249845164,0.46043234952868983,1.0012433740570266,0.0,0.028444467763050044,0.021067909508421693,39.445725421000134
48.0,0.01904950769426798,0.7875328330733168,0.07875328330733168,0.0023811884617834975,0.7315097566978012,2.25,3,0.45269376886347984,0.45287101860883844,1.0012876455645292,0.0,0.02876793604687483,0.02125679512139599,40.314894655997705
49.0,0.018894183882879896,0.7811115332061811,0.07811115332061812,0.002361772985359987,0.9999956980605421,2.0,2,0.4453726290377307,0.4454338402002873,1.0013249983256447,0.0,0.028953925786978904,0.02144151708121709,41.143765108998196
50.0,0.018737974663531706,0.7746536293569143,0.07746536293569144,0.0023422468329414633,0.9999781972712916,2.0,2,0.4380070189329114,0.4381188229244915,1.0013152887114298,0.0,0.029376497375000466,0.021628764495682823,41.98865637599738
51.0,0.018581098027406436,0.7681681335806679,0.07681681335806681,0.0023226372534258044,0.999413385808965,2.0,2,0.43073361604864285,0.430923917603673,1.0013075130888602,0.0,0.029736473603560628,0.02181671896346018,42.844286456997
52.0,0.01842815947665442,0.761845443666949,0.0761845443666949,0.0023035199345818025,0.9999365716920413,2.0,2,0.42365506274152415,0.42384718004946753,1.001294431684063,0.0,0.029970809855109023,0.02200204535344903,43.60586192899791
53.0,0.01827455656717195,0.7554952882501014,0.07554952882501015,0.0022843195708964936,0.99991360138926,2.0,2,0.41661858367870525,0.4168866471764131,1.0012805730450205,0.0,0.030160675045326362,0.022183772032991343,44.391300745999615
54.0,0.018125095778637995,0.7493163738069247,0.07493163738069249,0.0022656369723297494,0.7149225523291034,2.25,3,0.40980015471668224,0.41004043051108363,1.0013430639089873,0.0,0.03055405969742305,0.022367261487957212,45.1612610889988
55.0,0.01797622080059262,0.743161677574587,0.0743161677574587,0.0022470276000740776,0.9997086962596122,2.0,2,0.403088512233561,0.4033066398739667,1.0013554640118103,0.0,0.030752774892734727,0.02254757799249422,45.94410937400062
56.0,0.01782866290168419,0.7370614312041955,0.07370614312041955,0.002228582862710524,0.9999514526869251,2.0,2,0.39649080116198215,0.39668343632119824,1.0014148849087003,0.0,0.03104398936517341,0.02272717037754729,46.69228353200015
57.0,0.01768245131943291,0.7310168434150248,0.07310168434150249,0.0022103064149291136,0.6964085138179479,2.25,3,0.38997925244836734,0.39016899806638594,1.0014267676703215,0.0,0.031340206063866824,0.022906203796477818,47.455089101998965
58.0,0.01753506829345565,0.7249238265319841,0.07249238265319842,0.002191883536681956,0.9997958501725153,2.0,2,0.38355434408758204,0.3837615428681549,1.001445475723275,0.0,0.03154088125867422,0.023082459012397624,48.350836096999956
59.0,0.01739194710226651,0.7190069997572992,0.07190069997572993,0.0021739933877833136,0.9999766973480003,2.0,2,0.3772760242702377,0.37745931217228457,1.0014371649099192,0.0,0.03168447188360529,0.023254779269663652,49.14602507099971
60.0,0.017247808627783492,0.7130481170929124,0.07130481170929125,0.0021559760784729365,0.9997249671314802,2.0,2,0.37102266552962027,0.3712605786105569,1.0014488829643815,0.0,0.03181032575395926,0.023422993545708787,49.98488786899907
61.0,0.01710433460390719,0.707116703729945,0.0707116703729945,0.002138041825488399,0.9999852152648359,2.0,2,0.36486982257605005,0.36516364213542696,1.001443097669649,0.0,0.03194553618038781,0.023587547034153073,50.80140818900054
62.0,0.016963576929452284,0.7012975879858862,0.07012975879858861,0.0021204471161815354,0.999960044288769,2.0,2,0.35888917990482805,0.35916683096778673,1.001432977808589,0.0,0.032198218012168225,0.02375121053741788,51.626578269000674
63.0,0.01682368232287247,0.6955141526541359,0.0695514152654136,0.002102960290359059,0.9999801923558546,2.0,2,0.3530543263457365,0.35326850110121827,1.0014678037091949,0.0,0.03237797344373631,0.023912463804559036,52.402772307002124
64.0,0.016684411923086815,0.6897565228892757,0.06897565228892757,0.002085551490385852,0.9996080190420733,2.0,2,0.34717468122844675,0.34746703506534765,1.0014575055230817,0.0,0.03258775157331863,0.0240720710966562,53.17637692000153
65.0,0.016547743981274624,0.6841064823143143,0.06841064823143143,0.002068467997659328,0.999940326772474,2.0,2,0.34151723760249486,0.3417608423039422,1.0014508425843383,0.0,0.03271397015619717,0.024228380905255177,54.04964746000405
66.0,0.016408555590262563,0.6783522429048817,0.06783522429048817,0.0020510694487828204,0.9999676665603965,2.0,2,0.33575729717237945,0.33614835795665515,1.0014640270245412,0.0,0.03297668690377741,0.024384359294994832,54.83536581800308
67.0,0.01627299696797373,0.6727480631238597,0.06727480631238597,0.0020341246209967163,0.9983314841232807,2.0,2,0.3303040624433059,0.3306280433547144,1.0014589761279797,0.0,0.033184572210626415,0.024538917125024425,55.627265135002745
68.0,0.016140961619477458,0.667289540324429,0.0667289540324429,0.002017620202434682,0.9999840367283512,2.0,2,0.3248840475709469,0.3251983847533806,1.0014519514698017,0.0,0.03333330939559989,0.02469095032808625,56.45027326500258
69.0,0.016008306541902446,0.6618053970730187,0.06618053970730187,0.002001038317737806,0.9999705073182521,2.0,2,0.31957649337915445,0.31985789340032594,1.001445350888908,0.0,0.03347892276323386,0.02484052444674381,57.23421626500203
70.0,0.015874666463075858,0.6562805325159092,0.06562805325159092,0.0019843333078844822,0.9999824953025644,2.0,2,0.31428864504184784,0.3146051049520199,1.0014422554679727,0.0,0.0336530964084312,0.024988310146470852,58.04199904800225
71.0,0.01574426527147679,0.6508895680088814,0.06508895680088815,0.0019680331589345987,0.9999696296739945,2.0,2,0.3091288051489748,0.309438579174811,1.0014369514540007,0.0,0.03389273473557287,0.02513563559385197,58.90617924000344
72.0,0.015613221969048328,0.6454720577575366,0.06454720577575367,0.0019516527461310412,0.9999655046416098,2.0,2,0.30400097604627,0.3043568993769479,1.0014462632723877,0.0,0.03400698940190312,0.02528017665263644,59.702544454002236
73.0,0.015485978420942159,0.6402116345729256,0.06402116345729257,0.0019357473026177699,0.9996128272036516,2.0,2,0.2990634496740496,0.299358672231107,1.001449322579565,0.0,0.034078588360426314,0.02542128276162979,60.54010993600332
74.0,0.015358838345065223,0.6349554890725015,0.06349554890725016,0.001919854793133153,0.9987448238635128,2.0,2,0.2941353975812999,0.2944425272780085,1.001443932463196,0.0,0.03427703212313438,0.02556141332592306,61.358634033003
75.0,0.01523001949823375,0.6296299408732191,0.06296299408732191,0.0019037524372792186,0.9999843482966269,2.0,2,0.28928713744732915,0.28960711649686616,1.0014373443215479,0.0,0.034423540532370865,0.025699684338649213,62.179720656004974
76.0,0.015102534169951392,0.6243595221637793,0.06243595221637793,0.001887816771243924,0.999996413338122,2.0,2,0.2844607772955216,0.28485111406283714,1.0014669760046357,0.0,0.03453185347102355,0.025835507501435154,62.98519744000441
77.0,0.014980477508096952,0.6193135319865831,0.061931353198658314,0.001872559688512119,0.6533654556153242,2.25,3,0.27985638157149145,0.28017321594571837,1.001497799125599,0.0,0.03467161013975863,0.025969538246022095,63.8118795160035
78.0,0.01485686725690708,0.6142033142907338,0.06142033142907339,0.001857108407113385,0.999896925725409,2.0,2,0.2752735547905877,0.27557213945927267,1.0015111866155297,0.0,0.03485379263616809,0.026102581031610193,64.6642969470031
79.0,0.01473237938983264,0.6090568147478671,0.06090568147478671,0.00184154742372908,0.9998046506595704,2.0,2,0.2706540928884029,0.2710466230143003,1.0015272724646114,0.0,0.034967793080905696,0.026233526717954165,65.49566850100291
80.0,0.014611436144822514,0.6040568547534907,0.06040568547534907,0.0018264295181028142,0.6400486678966097,2.25,3,0.2662791172170814,0.2665954257841195,1.0015720814693343,0.0,0.03508991082757581,0.026362600839720557,66.36776294300398
81.0,0.014494782901569697,0.5992342493286941,0.05992342493286941,0.001811847862696212,0.9999890814445199,2.0,2,0.2619566933365067,0.2622173272518083,1.001625267401036,0.0,0.03519380741361347,0.026489583772350254,67.25243349900484
82.0,0.014375378017616068,0.5942978872949871,0.059429788729498716,0.0017969222522020085,0.9999274929671863,2.0,2,0.2576850804262274,0.25791112695635526,1.0016318580925048,0.0,0.03527951161344187,0.026614269476900484,68.0652922610052
83.0,0.014254325448238906,0.5892934076810029,0.058929340768100295,0.0017817906810298633,0.9999711607016812,2.0,2,0.2534028720402067,0.25367564420455807,1.0016322698976727,0.0,0.0353785317871434,0.026736966507093216,68.87069190900547
84.0,0.014137057317971907,0.5844453819818312,0.05844453819818312,0.0017671321647464884,0.9991136253947156,2.0,2,0.2492526176017559,0.24950971763967925,1.0016295889394284,0.0,0.03549180190744129,0.026857980630211217,69.69809088100374
85.0,0.014019343105353717,0.5795789146250873,0.05795789146250872,0.0017524178881692146,0.9999633989023704,2.0,2,0.24508533012715725,0.24541220496745952,1.0016256003272588,0.0,0.035646094062382054,0.0269780168456728,70.50562765500308
86.0,0.013902708306209871,0.5747570717051083,0.057475707170510835,0.001737838538276234,0.9995303519905926,2.0,2,0.24106004318044472,0.24138198271127292,1.001649097921697,0.0,0.03576791579262661,0.027096614865983547,71.328526289004
87.0,0.013790266137720967,0.5701085578994933,0.057010855789949334,0.001723783267215121,0.9999106774297261,2.0,2,0.23713863480369077,0.23741794580753348,1.0016483837639811,0.0,0.03584845324593409,0.027213205423342404,72.12329954200231
88.0,0.013675217537932391,0.5653522906412125,0.05653522906412125,0.001709402192241549,0.9999680773949875,2.0,2,0.23325740734655842,0.23351900731340755,1.0016584027145812,0.0,0.03594892673349295,0.027328165443412843,72.93529402000331
89.0,0.01356357728315486,0.5607369290507167,0.05607369290507168,0.0016954471603943574,0.9999555093448841,2.0,2,0.2294081050643435,0.22968409819266178,1.001659037288941,0.0,0.03598471633789577,0.027440603668414373,73.71098852400155
90.0,0.013452847247751682,0.5561591971803225,0.055615919718032245,0.0016816059059689603,0.999965815127872,2.0,2,0.22570093636062585,0.22591216694626237,1.001685666411557,0.0,0.03609119875137367,0.027551647171862894,74.53088955099975
91.0,0.013341769286424271,0.5515670815739697,0.055156708157396976,0.001667721160803034,0.9977850998253976,2.0,2,0.22195314471859315,0.2222021793038223,1.0016975300102475,0.0,0.03619353188117645,0.02766128832217908,75.43882674399993
92.0,0.013231662955878215,0.5470151345196983,0.05470151345196984,0.0016539578694847769,0.9980169508673374,2.0,2,0.21830990206537673,0.21855311802899843,1.0017095983268727,0.0,0.03628470487468106,0.02776942037396107,76.280892193
93.0,0.013121992107572837,0.5424811908998599,0.054248119089986,0.0016402490134466046,0.9999978054664974,2.0,2,0.21474350387085303,0.21496398258988925,1.0017076463838943,0.0,0.03639743209554419,0.02787640120215765,77.0552919720003
94.0,0.013016097165315753,0.5381033484263271,0.05381033484263272,0.0016270121456644691,0.9991566997900345,2.0,2,0.21123640668867172,0.21143378883927869,1.0017192961256118,0.0,0.036528441376812375,0.027982525934205846,77.98639048800123
95.0,0.012907704552727953,0.5336222488280853,0.053362224882808534,0.001613463069090994,0.9985784879360772,2.0,2,0.20777598727158686,0.20796156882922714,1.001745785446252,0.0,0.03660961892526312,0.028087140608386726,78.76920861000144
96.0,0.012799963130977693,0.5291680703541786,0.052916807035417866,0.0015999953913722117,0.9999683810867199,2.0,2,0.204316329104033,0.20454637052269192,1.001756980912405,0.0,0.03669303280280868,0.028190329324747358,79.64971129700189
97.0,0.012696445326076162,0.5248885020064797,0.05248885020064798,0.0015870556657595202,0.9999640484047162,2.0,2,0.20096413139418415,0.20118725746949914,1.001759847742099,0.0,0.03682999311762732,0.0282928602824004,80.50782739600254
98.0,0.012589457527952685,0.520465479369217,0.05204654793692171,0.0015736821909940856,0.995765805006808,2.0,2,0.19763157670444528,0.1978833086213399,1.001757434485753,0.0,0.036909405918862874,0.028393992019070904,81.39671144800195
99.0,0.012487107029494859,0.5162341690744522,0.05162341690744523,0.0015608883786868573,0.9999738846802152,2.0,2,0.19438859317186785,0.19463361808315882,1.0017682047561454,0.0,0.03713996790695513,0.02849575866517359,82.22135453600185
100.0,0.01238136950134085,0.5118628343163182,0.05118628343163182,0.0015476711876676063,0.9993319954137581,2.0,2,0.19117124846085032,0.19143729479262583,1.0017654866490433,0.0,0.03731918916553058,0.02859747188274698,83.07525552200059
101.0,0.012280399632163598,0.5076886011337919,0.050768860113379194,0.0015350499540204498,0.9999556043914261,2.0,2,0.1880509720804184,0.18829346232897276,1.0017645451372295,0.0,0.03738882789804171,0.028697718586668208,83.95558738100135
102.0,0.012178836836911636,0.5034898555723152,0.050348985557231524,0.0015223546046139545,0.999929789739289,2.0,2,0.1849376718063633,0.18520125870016715,1.001763743517907,0.0,0.037430977329134085,0.0287961977207936,84.72030164800344
103.0,0.012078981605821108,0.49936170306044864,0.049936170306044865,0.0015098727007276385,0.9999600208968141,2.0,2,0.1819137899742766,0.18215983603364444,1.0017658848497046,0.0,0.03749533744239631,0.028893248892951275,85.56156525600272
104.0,0.011980469442420082,0.49528907481301443,0.04952890748130145,0.0014975586803025103,0.9999823735140092,2.0,2,0.1789379569571232,0.1791683603749442,1.0017782489017166,0.0,0.03761584928456794,0.02898961929115125,86.49850154300111
105.0,0.01187887574758145,0.491089051820151,0.049108905182015106,0.0014848594684476813,0.9990262240352,2.0,2,0.1759491049459811,0.17622601150475722,1.001783899231657,0.0,0.03776701145856086,0.029085709455509572,87.49598562799929
106.0,0.011782779475514009,0.4871162998412729,0.04871162998412729,0.001472847434439251,0.9999182080465449,2.0,2,0.1730790948783511,0.17333198264788494,1.00179222461009,0.0,0.037829405625641487,0.029180441539663916,88.30398687700017
107.0,0.011685273271500037,0.48308525933766694,0.0483085259337667,0.0014606591589375047,0.9999674683936706,2.0,2,0.17023335367698983,0.17048548026020113,1.0017937212330899,0.0,0.037909308962179714,0.029274070942529512,89.14986439800032
108.0,0.011587596189074525,0.47904715448564256,0.04790471544856426,0.0014484495236343157,0.9995765649210578,2.0,2,0.1674357360222503,0.16768572386845737,1.0017950208850206,0.0,0.038012596890191805,0.029366912453883624,90.00641537600222
109.0,0.011493090710888656,0.4751401681124955,0.04751401681124955,0.001436636338861082,0.9999771517907452,2.0,2,0.16467088181390108,0.1649319458029993,1.0017947420557873,0.0,0.03808702858089176,0.029458647868177704,90.81565057500029
110.0,0.011397391062568511,0.47118381310452,0.047118381310452005,0.0014246738828210639,0.9998700578398824,2.0,2,0.16196155985899302,0.16222339097397653,1.0017954827513573,0.0,0.038161178168438205,0.02954930799825391,91.70914615499987
111.0,0.01130558572034158,0.4673884540634569,0.046738845406345694,0.0014131982150426975,0.9999977565423239,2.0,2,0.15935049209258648,0.15955931672632645,1.0017978258847595,0.0,0.0382696320998607,0.029639324543127107,92.52491078700132
112.0,0.011211580631601563,0.4635021544778246,0.046350215447782464,0.0014014475789501954,0.9999227354056314,2.0,2,0.156718908647048,0.15693899259991992,1.0018197936770206,0.0,0.038369496301467125,0.029728617666557988,93.42375933200128
113.0,0.0111209345479282,0.45975472077885476,0.04597547207788548,0.001390116818491025,0.9997990520817666,2.0,2,0.15417198455875586,0.15436170009794764,1.0018288808404452,0.0,0.03840072669889128,0.0298164258269783,94.29585256200244
114.0,0.011027708105237207,0.4559006114911971,0.04559006114911971,0.0013784635131546508,0.9993958213042096,2.0,2,0.15160749192473447,0.1518267325497652,1.0018276754923572,0.0,0.038483388319229435,0.029903374556438506,95.11980556200342
115.0,0.010937328599788052,0.452164198502448,0.045216419850244806,0.0013671660749735065,0.9988678845478864,2.0,2,0.14915866982155562,0.1493333949000631,1.0018389857848922,0.0,0.038588848935548745,0.029989743984078106,95.94449607600109
116.0,0.010846541665691729,0.4484109418533834,0.04484109418533835,0.001355817708211466,0.9998944735497486,2.0,2,0.14666847873216055,0.1468810034738394,1.0018418405340814,0.0,0.03867823276448901,0.0300753724539521,96.69127349500104
117.0,0.010758330052004328,0.44476415248999684,0.04447641524899969,0.001344791256500541,0.9985644595561622,2.0,2,0.14428576489973918,0.14446888584068185,1.0018412847211688,0.0,0.038786531742419895,0.03016048900067526,97.58096789999945
118.0,0.010669987512450609,0.4411119504713291,0.044111195047132915,0.001333748439056326,0.9999503634036365,2.0,2,0.14192182611674595,0.14209638063247418,1.0018566597558929,0.0,0.03884651004584589,0.03024458176207917,98.33702588500091
119.0,0.010580132707808361,0.4373972293351786,0.04373972293351786,0.0013225165884760452,0.9999779130585738,2.0,2,0.13954858785818258,0.13976283731024133,1.0018579404295236,0.0,0.03896775124519595,0.030328340921183475,99.1768222239989
120.0,0.010493968969382934,0.4338351019500818,0.04338351019500818,0.0013117461211728668,0.9999714009336305,2.0,2,0.1372766358847748,0.13746761602482016,1.0018583858193222,0.0,0.039013122921176126,0.030410963902954353,99.9776248320004
121.0,0.010405306387012998,0.4301696689214685,0.04301696689214685,0.0013006632983766247,0.9974434400500088,2.0,2,0.13500380700722658,0.13521008746073315,1.0018676512352271,0.0,0.03911507497529367,0.030493082287049576,100.82335519599837
122.0,0.01031972509472103,0.42663162066014526,0.042663162066014525,0.0012899656368401287,0.999322035883464,2.0,2,0.13277029591876408,0.13298963261042643,1.001868740759396,0.0,0.03918615976712754,0.03057438540974905,101.66680795099728
123.0,0.01023467008844477,0.42311532978613137,0.04231153297861314,0.0012793337610555963,0.9999888524056875,2.0,2,0.1306112711102008,0.1308056426279828,1.0018769374164775,0.0,0.03922817552027746,0.030654593022227426,102.44675745999757
124.0,0.010149295279708708,0.4195858178388366,0.04195858178388366,0.0012686619099635886,0.9993191466039268,2.0,2,0.12843237306683036,0.12865751869526135,1.0018842508207904,0.0,0.03930458638233947,0.030734089974532443,103.29841547700016
125.0,0.010065696903205704,0.41612974604189706,0.04161297460418971,0.001258212112900713,0.9994085691112276,2.0,2,0.12632452829931667,0.12654467180869167,1.0018901396883688,0.0,0.03940553421892719,0.030813146241284527,104.08548770000107
126.0,0.009983263869660426,0.4127218511246823,0.04127218511246823,0.0012479079837075533,0.9999882980629483,2.0,2,0.12426287897119849,0.1244665226245118,1.0018924974206624,0.0,0.0395082575587355,0.03089179144016007,104.89365327999803
127.0,0.009901624608344537,0.4093467718425305,0.04093467718425305,0.0012377030760430672,0.9999070460482372,2.0,2,0.12222795917239171,0.12242250134221512,1.0018954549736587,0.0,0.0396155285857483,0.03097008210643877,105.69291434999832
128.0,0.009819089302970582,0.40593464886733777,0.04059346488673378,0.0012273861628713228,0.9884668053762136,2.0,2,0.12020609144512309,0.12041204750819125,1.0018968869947156,0.0,0.03969854188034651,0.03104778504689505,106.50080878399967
129.0,0.009737350102031025,0.40255543794376897,0.0402555437943769,0.001217168762753878,0.9999624706132413,2.0,2,0.11821405333252656,0.1184346098527568,1.00190062896477,0.0,0.03975953716004418,0.03112469734031864,107.29833294099717
130.0,0.009656923382410485,0.3992304868020334,0.03992304868020334,0.0012071154228013106,0.9898086058986263,2.0,2,0.11627611812833578,0.11648964618542303,1.0019083551645638,0.0,0.0398491980293469,0.03120112100889136,108.07534635599677
131.0,0.00957801656556188,0.3959683705301112,0.03959683705301112,0.001197252070695235,0.9999791186266689,2.0,2,0.1143595352424468,0.11457662321841877,1.001915649992949,0.0,0.039933252619955326,0.03127701378391078,108.84802935599691
132.0,0.009500087840737926,0.39274668992694967,0.03927466899269497,0.0011875109800922408,0.9992718542292421,2.0,2,0.11252398913481713,0.11269501639735541,1.001927689999132,0.0,0.039993012149950345,0.031352154180631996,109.67027394399793
133.0,0.009422396456584691,0.38953482131335837,0.03895348213133584,0.0011777995570730864,0.9990235707524714,2.0,2,0.11068134587895684,0.1108443098028407,1.0019297141387054,0.0,0.040068770005980255,0.031426714583227426,110.51493428199683
134.0,0.00934446225578192,0.38631291432570536,0.03863129143257054,0.00116805778197274,0.9996611282415603,2.0,2,0.10885636844997852,0.10902399599543251,1.0019329157305812,0.0,0.040105496475401375,0.03150033838369048,111.36328612499983
135.0,0.009267567160524019,0.3831339653896067,0.03831339653896067,0.0011584458950655023,0.9999482139483086,2.0,2,0.10708021418651942,0.10723357584301049,1.0019335803998624,0.0,0.040210376440524165,0.031573691700287336,112.19869287599795
136.0,0.009190812458998443,0.37996082052338415,0.03799608205233842,0.0011488515573748054,0.999943148296996,2.0,2,0.10529414641677755,0.10547255842377362,1.0019438332125585,0.0,0.04037486985113514,0.03164733995180824,113.13585714399869
137.0,0.009115221040627668,0.3768357673818019,0.037683576738180194,0.0011394026300784585,0.9964617142143782,2.0,2,0.10356751813535596,0.10374046089261349,1.0019434592189167,0.0,0.04040739356911529,0.031720048070500086,114.00207695099925
138.0,0.009039537396352961,0.37370690149457964,0.037370690149457965,0.0011299421745441201,0.9999175071171789,2.0,2,0.10184875843015524,0.10203680830906747,1.0019535241341702,0.0,0.040503899941418356,0.03179242965501778,114.89485509299993
139.0,0.008964045102009868,0.3705859462765553,0.03705859462765553,0.0011205056377512335,0.9998011641408772,2.0,2,0.10017439849694242,0.10036113353766093,1.0019543722114832,0.0,0.040609008103599686,0.03186457134172993,115.7734406519985
140.0,0.008891825123352803,0.3676002730870373,0.03676002730870373,0.0011114781404191003,0.999967877640898,2.0,2,0.09854466629133612,0.09871297713421533,1.0019570191149898,0.0,0.040668430628094415,0.03193606305616934,116.73620143699918
141.0,0.008817882538164557,0.364543384975667,0.036454338497566706,0.0011022353172705696,0.9995116038992291,2.0,2,0.09692960389091751,0.09709188717858665,1.001960699764533,0.0,0.04074901474644516,0.03200711129944832,117.56451909399857
142.0,0.008745034808445087,0.36153175969433776,0.03615317596943378,0.001093129351055636,0.9999124495940772,2.0,2,0.09533137912541009,0.09549741916953204,1.0019645315826184,0.0,0.040777750277380995,0.03207726196720006,118.44796488099928
143.0,0.008672408843430894,0.35852930247075704,0.03585293024707571,0.0010840511054288618,0.9994383525367055,2.0,2,0.09374371311134586,0.0939291359282157,1.0019714874924794,0.0,0.040846074964395435,0.032146888206467585,119.29982962700069
144.0,0.008600416983619335,0.3555530600278789,0.0355553060027879,0.0010750521229524169,0.9989626750900935,2.0,2,0.09219298605701885,0.09238660743979446,1.0019743564673775,0.0,0.04094692146777994,0.03221628908125466,120.20390702699933
145.0,0.008531569314644142,0.3527068027561048,0.03527068027561048,0.0010664461643305177,0.9999209411352512,2.0,2,0.09071114156039799,0.09086941074136988,1.0019773229393907,0.0,0.04097423659470967,0.03228482559074108,121.10810689699883
146.0,0.008459585454670852,0.3497308910375371,0.034973089103753706,0.0010574481818338565,0.9999968052000098,2.0,2,0.08920989156884407,0.08937712983902772,1.0019846183758978,0.0,0.041030526317455525,0.03235276964985812,121.97598608399949
147.0,0.008390228775386198,0.3468635905798965,0.034686359057989655,0.0010487785969232747,0.9975383258135072,2.0,2,0.08773835156441805,0.08790935556177167,1.001986346043975,0.0,0.04107178949199127,0.032420005233029965,122.80103332899944
148.0,0.008319859775087146,0.34395443938000886,0.03439544393800089,0.0010399824718858933,0.9928902257663982,2.0,2,0.0862808040258188,0.08646568544251876,1.0019906380165564,0.0,0.04114903373628562,0.032486856350118054,123.68164724499911
149.0,0.008252724822062426,0.3411789881398852,0.03411789881398852,0.0010315906027578033,0.9996973264093826,2.0,2,0.08487692775773907,0.08504572364447638,1.0019912416577812,0.0,0.04120088044843098,0.03255311572894804,124.5706974120003
150.0,0.008184182573252817,0.3383453573575794,0.03383453573575795,0.001023022821656602,0.9891207096198968,2.0,2,0.08348396412015419,0.08364908083002813,1.0019971164944186,0.0,0.041251431455371,0.032618785671531626,125.51358568100113
151.0,0.008116503631595188,0.3355474168796177,0.03355474168796177,0.0010145629539493985,0.9999934230284188,2.0,2,0.08210608577279184,0.08227537403600817,1.001998495512686,0.0,0.04129727083238286,0.03268383983911841,126.37607407799987
152.0,0.008049815925637529,0.33279045544802127,0.03327904554480213,0.001006226990704691,0.4828481166035948,2.25,3,0.08077349676296715,0.08092422660511218,1.0020074362087623,0.0,0.04133273769911923,0.032748205714880185,127.18758603100105
153.0,0.00798437967530062,0.33008523091200737,0.03300852309120074,0.0009980474594125776,0.9999941650518649,2.0,2,0.07943945867902327,0.07959526807121348,1.0020102619544968,0.0,0.041381734528843354,0.03281201005005593,128.05487739800355
154.0,0.007916161914693843,0.3272650149180403,0.03272650149180403,0.0009895202393367304,0.99605210685659,2.0,2,0.07811990937589632,0.07828813403120058,1.0020160742019646,0.0,0.04143935983398498,0.032875335668897276,129.00410353900133
155.0,0.007852283556216071,0.3246241957729235,0.03246241957729235,0.000981535444527009,0.9951007489416476,2.0,2,0.07684357848912914,0.07700246607741405,1.0020267280267596,0.0,0.041502270232948266,0.03293823579869917,129.95750814000075
156.0,0.007787883782558645,0.3219618206075551,0.032196182060755515,0.0009734854728198307,0.99867335449135,2.0,2,0.07558886504905765,0.07573791169964517,1.0020312113346925,0.0,0.04153216321486057,0.033000452997916985,130.83259327400174
157.0,0.007724930602693562,0.31935924961801504,0.031935924961801504,0.0009656163253366952,0.999897100410261,2.0,2,0.07436013551130026,0.07449412415655013,1.002037474335201,0.0,0.0415889665524452,0.03306221757250843,131.59915802000342
158.0,0.007660614186931177,0.31670032058260933,0.03167003205826094,0.0009575767733663971,0.9968286873080856,2.0,2,0.07314386246481863,0.07327076240575708,1.0020486087580376,0.0,0.04162239866466675,0.03312335310528101,132.41966941600458
159.0,0.007598339204463996,0.31412578720573225,0.03141257872057323,0.0009497924005579996,0.9998794165702407,2.0,2,0.07194504882761792,0.07206749102159575,1.0020562996692979,0.0,0.041664115827867054,0.03318393837971287,133.28369463900344
160.0,0.007535490833553855,0.3115275491624573,0.031152754916245733,0.0009419363541942319,0.9999233932421057,2.0,2,0.07077510086342506,0.07088398006946432,1.0020587941194077,0.0,0.04172012125322176,0.03324409697348236,134.07404993000455
161.0,0.007473841026448159,0.3089788613943749,0.030897886139437492,0.0009342301283060199,0.9997359615740836,2.0,2,0.06961242227933938,0.06971990503117197,1.0020653914138038,0.0,0.0417523333288676,0.03330365233841615,134.9129006800049
162.0,0.007412269316676454,0.30643340227743043,0.030643340227743045,0.0009265336645845568,0.9999339985950114,2.0,2,0.06847929746004,0.06857494673638714,1.0020677713839787,0.0,0.04183744496221042,0.03336302626684722,135.76342977600507
163.0,0.0073497846149673685,0.303850198818818,0.0303850198818818,0.0009187230768709211,0.9997694416823673,2.0,2,0.0673273030198235,0.06744879124331471,1.002073658173483,0.0,0.04188451999100568,0.03342192986459214,136.6940050830035
164.0,0.007289816444552055,0.3013710322230531,0.03013710322230531,0.0009112270555690069,0.9999798897676556,2.0,2,0.0662365786867456,0.06634112975792654,1.0020751417759277,0.0,0.04191260417232452,0.03348022768484095,137.62721605900333
165.0,0.007229590724167842,0.298881218157552,0.029888121815755196,0.0009036988405209803,0.9998559883250256,2.0,2,0.06514549438397792,0.06525165857629252,1.0020789022537873,0.0,0.041938529866781545,0.03353791578454998,138.5039365410039
166.0,0.007170088997153542,0.29642133497314677,0.02964213349731468,0.0008962611246441927,0.9999133771202343,2.0,2,0.06408257379395266,0.06418007897455094,1.0020823771975074,0.0,0.04200400230197089,0.03359530432018168,139.3921307960054
167.0,0.007110735439662868,0.29396757732051854,0.029396757732051856,0.0008888419299578585,0.9994370960446276,2.0,2,0.06301361692384318,0.06312609712181985,1.0020864647421348,0.0,0.04203533882788671,0.033652143753110986,140.25634074600748
168.0,0.00705125755099693,0.2915086796462023,0.02915086796462023,0.0008814071938746163,0.9987852264107836,2.0,2,0.06197842494418822,0.0620894240300572,1.0020916816089154,0.0,0.042068663373553916,0.033708459846819964,141.1402240160096
169.0,0.006994655942743996,0.289168691357825,0.028916869135782508,0.0008743319928429995,0.9998563061741057,2.0,2,0.06097983035592801,0.06106977545563358,1.0020973461767615,0.0,0.04210503259860779,0.033764285456294965,142.14330431300914
170.0,0.006937310454962402,0.2867979500672142,0.028679795006721423,0.0008671638068703003,0.9998941814778861,2.0,2,0.059974678142039724,0.06006687180679582,1.0021022886790725,0.0,0.04214390178969775,0.03381964855187472,142.97441883401007
171.0,0.006878478697541331,0.28436576434671706,0.02843657643467171,0.0008598098371926663,0.9999848159794802,2.0,2,0.058972497923870625,0.05908043809752575,1.0021022472865757,0.0,0.04219022588430184,0.03387461244244006,143.87379150500965
172.0,0.006822922206195982,0.2820689826278918,0.028206898262789184,0.0008528652757744977,0.9999538259785411,2.0,2,0.05800554791665888,0.0581102038621358,1.0021046290637459,0.0,0.04222230303793956,0.03392908171733981,144.83835417300998
173.0,0.0067666057709092845,0.2797407837819307,0.02797407837819307,0.0008458257213636606,0.9999450413531387,2.0,2,0.0570575963131687,0.05715590305907133,1.002106858515008,0.0,0.04227513018235749,0.03398321512373152,145.7451087270092
174.0,0.006711045739195549,0.2774438556994098,0.027744385569940983,0.0008388807173994436,0.9997695486776513,2.0,2,0.05611467121232139,0.05621727402540414,1.0021088862748955,0.0,0.04231316977290041,0.034036913345158674,146.6396662170082
175.0,0.0066557715087047975,0.27515874303230253,0.027515874303230256,0.0008319714385880997,0.9997918943295951,2.0,2,0.055198814571523515,0.05529405940486373,1.0021120718066208,0.0,0.04234797309323931,0.034090161682268555,147.53840826200667
176.0,0.006599894647950476,0.2728487168017383,0.027284871680173833,0.0008249868309938095,0.9868735136194918,2.0,2,0.0542840350681414,0.0543860060504376,1.0021135019808236,0.0,0.04238908837249459,0.03414301318032568,148.50342157300747
177.0,0.006545791851886686,0.27061203284406704,0.027061203284406705,0.0008182239814858357,0.992158757727451,2.0,2,0.05338616516105079,0.053492864976611584,1.0021188976978503,0.0,0.04242584002909351,0.034195444680582145,149.38245156300763
178.0,0.0064923857022800525,0.268404149208528,0.026840414920852804,0.0008115482127850066,0.9999527276170267,2.0,2,0.05252079439972761,0.05261439130023115,1.0021230194195156,0.0,0.04246201081969094,0.03424745998082808,150.19578930700936
179.0,0.006438737297857347,0.26618625042589494,0.026618625042589494,0.0008048421622321684,0.9979055435503855,2.0,2,0.051659803758567276,0.05175034414473446,1.0021252285779918,0.0,0.04247853284175638,0.034298930830692714,151.09012562400676
180.0,0.006384528286372183,0.2639451753767029,0.026394517537670296,0.0007980660357965229,0.9997485602631603,2.0,2,0.05080027827726448,0.0509004865879766,1.0021270298734601,0.0,0.04249112919544132,0.03434984049027584,152.0855463380076
181.0,0.00633325356543858,0.26182540793231723,0.026182540793231724,0.0007916566956798225,0.9996914481033656,2.0,2,0.04996599775153083,0.05006458561438721,1.0021296954770929,0.0,0.04252891158519733,0.03440037146689713,152.97103463300664
182.0,0.0062812042053261765,0.2596736158394796,0.025967361583947968,0.0007851505256657721,0.9997803302325727,2.0,2,0.04915752462141736,0.04924241202372734,1.0021366634628128,0.0,0.04257111990419858,0.0344505606963933,153.85566103300607
183.0,0.00622961260585375,0.2575407482007254,0.025754074820072543,0.0007787015757317187,0.9999722653661565,2.0,2,0.048350155400397526,0.04843374037322652,1.0021400061231496,0.0,0.04261539309428877,0.03450042827059996,154.691184283005
184.0,0.006177875104518272,0.25540184877839944,0.025540184877839947,0.000772234388064784,0.9922099353985694,2.0,2,0.047557347658396386,0.047638348938754405,1.0021478584894215,0.0,0.0426733153387332,0.03455007154466493,155.66763656900548
185.0,0.0061271722938987475,0.25330572489253184,0.02533057248925319,0.0007658965367373434,0.9995564625600283,2.0,2,0.046771777528256335,0.046856019630737766,1.0021491343544497,0.0,0.042700173846730714,0.034599287173954725,156.40806917200644
186.0,0.006077133665847014,0.251237059226986,0.0251237059226986,0.0007596417082308767,0.9997184246130717,2.0,2,0.046007127062267346,0.04608653793030514,1.0021531263497498,0.0,0.04271033771934643,0.034647972170105186,157.21118461200604
187.0,0.006025880967674839,0.2491182022338297,0.02491182022338297,0.0007532351209593548,0.9999531832578011,2.0,2,0.045251537313580524,0.04532969285668554,1.0021546534557766,0.0,0.04277183540547395,0.03469647436565489,158.01871322000534
188.0,0.005977336281367719,0.24711129817354233,0.024711129817354235,0.0007471670351709649,0.9997611745079041,2.0,2,0.04450695476750933,0.044585276892398114,1.0021582308277923,0.0,0.04279688980249793,0.034744558055733746,158.82840128800763
189.0,0.005927088696955552,0.2450339939648298,0.024503399396482984,0.000740886087119444,0.9998065005469198,2.0,2,0.04377157061054064,0.043853085914038664,1.0021600249105984,0.0,0.042809324175855576,0.034792148460512366,159.65329824300625
190.0,0.0058792629714943135,0.2430568127341774,0.02430568127341774,0.0007349078714367892,0.9998192643368697,2.0,2,0.0430594411698173,0.043132919162901136,1.00216190922785,0.0,0.042858875253224404,0.03483949456912948,160.47771958100566
191.0,0.005830230316638097,0.24102973538332062,0.024102973538332066,0.0007287787895797622,0.9998565495566849,2.0,2,0.04235596647390013,0.042424579180820425,1.00216453353618,0.0,0.04289800890444777,0.03488653348226244,161.31362171000546
192.0,0.00578250269114425,0.23905660974016596,0.0239056609740166,0.0007228128363930312,0.9864840173241769,2.0,2,0.041662130627333635,0.04172787173705915,1.0021679350366268,0.0,0.04292467228248326,0.03493319064110993,162.13766448900424
193.0,0.005734757402135332,0.23708275386301847,0.02370827538630185,0.0007168446752669165,0.9976087550474664,2.0,2,0.04097290689580798,0.041042605799226244,1.0021723990931246,0.0,0.04294887459566512,0.03497945696421655,162.8909757490046
194.0,0.005687163865118817,0.23511517162183154,0.023511517162183155,0.0007108954831398521,0.9999610800003886,2.0,2,0.04030163114405613,0.040368593480297414,1.002174036798746,0.0,0.04297384236535354,0.03502534400247246,163.6745770280031
195.0,0.005639646801976058,0.2331507509157048,0.02331507509157048,0.0007049558502470073,0.9999805247707572,2.0,2,0.03962487765512541,0.039705649963690436,1.0021747142150013,0.0,0.043008169837064666,0.0350709170795471,164.52554424200298
196.0,0.005592967095448392,0.23122094768305615,0.023122094768305616,0.000699120886931049,0.9972828848132486,2.0,2,0.03898140501720452,0.03905359347191305,1.0021785508098437,0.0,0.04303511815108976,0.035116135327780997,165.3286929470023
197.0,0.005547888348240745,0.229357330309337,0.022935733030933703,0.0006934860435300932,0.9999692885892971,2.0,2,0.03834445154685747,0.03841224522439347,1.0021807431242822,0.0,0.04305668911126098,0.03516097129018198,166.2658956910036
198.0,0.005502548679178688,0.22748292606749967,0.02274829260674997,0.000687818584897336,0.9999637325995269,2.0,2,0.0377221277877508,0.037781429363215664,1.0021824364976408,0.0,0.043091150950556455,0.03520551107554165,167.26301661800335
199.0,0.005457014409798493,0.2256004767810177,0.02256004767810177,0.0006821268012248117,0.9999662938715376,2.0,2,0.037097151234681304,0.037160972917519415,1.0021840310402401,0.0,0.043119392295064715,0.03524972133534905,168.201862789002
200.0,0.005410930203382055,0.2236952923415272,0.022369529234152724,0.0006763662754227568,0.9849354925840992,2.0,2,0.03648195307579883,0.036550705770937705,1.0021855639820152,0.0,0.043144938466417836,0.03529359104037188,169.17359211700114
