x,V11,V22,V12,abs_V12,min_gap
-40,74.1,73.9,-24,24,48.0004166649
-39.9,74.1,73.9,-24,24,48.0004166649
-39.8,74.1,73.9,-24,24,48.0004166649
-39.7,74.1,73.9,-24,24,48.0004166649
-39.6,74.1,73.9,-24,24,48.0004166649
-39.5,74.1,73.9,-24,24,48.0004166649
-39.4,74.1,73.9,-24,24,48.0004166649
-39.3,74.1,73.9,-24,24,48.0004166649
-39.2,74.1,73.9,-24,24,48.0004166649
-39.1,74.1,73.9,-24,24,48.0004166649
-39,74.1,73.9,-24,24,48.0004166649
-38.9,74.1,73.9,-24,24,48.0004166649
-38.8,74.1,73.9,-24,24,48.0004166649
-38.7,74.1,73.9,-24,24,48.0004166649
-38.6,74.1,73.9,-24,24,48.0004166649
-38.5,74.1,73.9,-24,24,48.0004166649
-38.4,74.1,73.9,-24,24,48.0004166649
-38.3,74.1,73.9,-24,24,48.0004166649
-38.2,74.1,73.9,-24,24,48.0004166649
-38.1,74.1,73.9,-24,24,48.0004166649
-38,74.1,73.9,-24,24,48.0004166649
-37.9,74.1,73.9,-24,24,48.0004166649
-37.8,74.1,73.9,-24,24,48.0004166649
-37.7,74.1,73.9,-24,24,48.0004166649
-37.6,74.1,73.9,-24,24,48.0004166649
-37.5,74.1,73.9,-24,24,48.0004166649
-37.4,74.1,73.9,-24,24,48.0004166649
-37.3,74.1,73.9,-24,24,48.0004166649
-37.2,74.1,73.9,-24,24,48.0004166649
-37.1,74.1,73.9,-24,24,48.0004166649
-37,74.1,73.9,-24,24,48.0004166649
-36.9,74.1,73.9,-24,24,48.0004166649
-36.8,74.1,73.9,-24,24,48.0004166649
-36.7,74.1,73.9,-24,24,48.0004166649
-36.6,74.1,73.9,-24,24,48.0004166649
-36.5,74.1,73.9,-24,24,48.0004166649
-36.4,74.1,73.9,-24,24,48.0004166649
-36.3,74.1,73.9,-24,24,48.0004166649
-36.2,74.1,73.9,-24,24,48.0004166649
-36.1,74.1,73.9,-24,24,48.0004166649
-36,74.1,73.9,-24,24,48.0004166649
-35.9,74.1,73.9,-24,24,48.0004166649
-35.8,74.1,73.9,-24,24,48.0004166649
-35.7,74.1,73.9,-24,24,48.0004166649
-35.6,74.1,73.9,-24,24,48.0004166649
-35.5,74.1,73.9,-24,24,48.0004166649
-35.4,74.1,73.9,-24,24,48.0004166649
-35.3,74.1,73.9,-24,24,48.0004166649
-35.2,74.1,73.9,-24,24,48.0004166649
-35.1,74.1,73.9,-24,24,48.0004166649
-35,74.1,73.9,-24,24,48.0004166649
-34.9,74.1,73.9,-24,24,48.0004166649
-34.8,74.1,73.9,-24,24,48.0004166649
-34.7,74.1,73.9,-24,24,48.0004166649
-34.6,74.1,73.9,-24,24,48.0004166649
-34.5,74.1,73.9,-24,24,48.0004166649
-34.4,74.1,73.9,-24,24,48.0004166649
-34.3,74.1,73.9,-24,24,48.0004166649
-34.2,74.1,73.9,-24,24,48.0004166649
-34.1,74.1,73.9,-24,24,48.0004166649
-34,74.1,73.9,-24,24,48.0004166649
-33.9,74.1,73.9,-24,24,48.0004166649
-33.8,74.1,73.9,-24,24,48.0004166649
-33.7,74.1,73.9,-24,24,48.0004166649
-33.6,74.1,73.9,-24,24,48.0004166649
-33.5,74.1,73.9,-24,24,48.0004166649
-33.4,74.1,73.9,-24,24,48.0004166649
-33.3,74.1,73.9,-24,24,48.0004166649
-33.2,74.1,73.9,-24,24,48.0004166649
-33.1,74.1,73.9,-24,24,48.0004166649
-33,74.1,73.9,-24,24,48.0004166649
-32.9,74.1,73.9,-24,24,48.0004166649
-32.8,74.1,73.9,-24,24,48.0004166649
-32.7,74.1,73.9,-24,24,48.0004166649
-32.6,74.1,73.9,-24,24,48.0004166649
-32.5,74.1,73.9,-24,24,48.0004166649
-32.4,74.1,73.9,-24,24,48.0004166649
-32.3,74.1,73.9,-24,24,48.0004166649
-32.2,74.1,73.9,-24,24,48.0004166649
-32.1,74.1,73.9,-24,24,48.0004166649
-32,74.1,73.9,-24,24,48.0004166649
-31.9,74.1,73.9,-24,24,48.0004166649
-31.8,74.1,73.9,-24,24,48.0004166649
-31.7,74.1,73.9,-24,24,48.0004166649
-31.6,74.1,73.9,-24,24,48.0004166649
-31.5,74.1,73.9,-24,24,48.0004166649
-31.4,74.1,73.9,-24,24,48.0004166649
-31.3,74.1,73.9,-24,24,48.0004166649
-31.2,74.1,73.9,-24,24,48.0004166649
-31.1,74.1,73.9,-24,24,48.0004166649
-31,74.1,73.9,-24,24,48.0004166649
-30.9,74.1,73.9,-24,24,48.0004166649
-30.8,74.1,73.9,-24,24,48.0004166649
-30.7,74.1,73.9,-24,24,48.0004166649
-30.6,74.1,73.9,-24,24,48.0004166649
-30.5,74.1,73.9,-24,24,48.0004166649
-30.4,74.1,73.9,-24,24,48.0004166649
-30.3,74.1,73.9,-24,24,48.0004166649
-30.2,74.1,73.9,-24,24,48.0004166649
-30.1,74.1,73.9,-24,24,48.0004166649
-30,74.1,73.9,-24,24,48.0004166649
-29.9,74.1,73.9,-24,24,48.0004166649
-29.8,74.1,73.9,-24,24,48.0004166649
-29.7,74.1,73.9,-24,24,48.0004166649
-29.6,74.1,73.9,-24,24,48.0004166649
-29.5,74.1,73.9,-24,24,48.0004166649
-29.4,74.1,73.9,-24,24,48.0004166649
-29.3,74.1,73.9,-24,24,48.0004166649
-29.2,74.1,73.9,-24,24,48.0004166649
-29.1,74.1,73.9,-24,24,48.0004166649
-29,74.1,73.9,-24,24,48.0004166649
-28.9,74.1,73.9,-24,24,48.0004166649
-28.8,74.1,73.9,-24,24,48.0004166649
-28.7,74.1,73.9,-24,24,48.0004166649
-28.6,74.1,73.9,-24,24,48.0004166649
-28.5,74.1,73.9,-24,24,48.0004166649
-28.4,74.1,73.9,-24,24,48.0004166649
-28.3,74.1,73.9,-24,24,48.0004166649
-28.2,74.1,73.9,-24,24,48.0004166649
-28.1,74.1,73.9,-24,24,48.0004166649
-28,74.1,73.9,-24,24,48.0004166649
-27.9,74.1,73.9,-24,24,48.0004166649
-27.8,74.1,73.9,-24,24,48.0004166649
-27.7,74.1,73.9,-24,24,48.0004166649
-27.6,74.1,73.9,-24,24,48.0004166649
-27.5,74.1,73.9,-24,24,48.0004166649
-27.4,74.1,73.9,-24,24,48.0004166649
-27.3,74.1,73.9,-24,24,48.0004166649
-27.2,74.1,73.9,-24,24,48.0004166649
-27.1,74.1,73.9,-24,24,48.0004166649
-27,74.1,73.9,-24,24,48.0004166649
-26.9,74.1,73.9,-24,24,48.0004166649
-26.8,74.1,73.9,-24,24,48.0004166649
-26.7,74.1,73.9,-24,24,48.0004166649
-26.6,74.1,73.9,-24,24,48.0004166649
-26.5,74.1,73.9,-24,24,48.0004166649
-26.4,74.1,73.9,-24,24,48.0004166649
-26.3,74.1,73.9,-24,24,48.0004166649
-26.2,74.1,73.9,-24,24,48.0004166649
-26.1,74.1,73.9,-24,24,48.0004166649
-26,74.1,73.9,-24,24,48.0004166649
-25.9,74.1,73.9,-24,24,48.0004166649
-25.8,74.1,73.9,-24,24,48.0004166649
-25.7,74.1,73.9,-24,24,48.0004166649
-25.6,74.1,73.9,-24,24,48.0004166649
-25.5,74.1,73.9,-24,24,48.0004166649
-25.4,74.1,73.9,-24,24,48.0004166649
-25.3,74.1,73.9,-24,24,48.0004166649
-25.2,74.1,73.9,-24,24,48.0004166649
-25.1,74.1,73.9,-24,24,48.0004166649
-25,74.1,73.9,-24,24,48.0004166649
-24.9,74.1,73.9,-24,24,48.0004166649
-24.8,74.1,73.9,-24,24,48.0004166649
-24.7,74.1,73.9,-24,24,48.0004166649
-24.6,74.1,73.9,-24,24,48.0004166649
-24.5,74.1,73.9,-24,24,48.0004166649
-24.4,74.1,73.9,-24,24,48.0004166649
-24.3,74.1,73.9,-24,24,48.0004166649
-24.2,74.1,73.9,-24,24,48.0004166649
-24.1,74.1,73.9,-24,24,48.0004166649
-24,74.1,73.9,-24,24,48.0004166649
-23.9,74.1,73.9,-24,24,48.0004166649
-23.8,74.1,73.9,-24,24,48.0004166649
-23.7,74.1,73.9,-24,24,48.0004166649
-23.6,74.1,73.9,-24,24,48.0004166649
-23.5,74.1,73.9,-24,24,48.0004166649
-23.4,74.1,73.9,-24,24,48.0004166649
-23.3,74.1,73.9,-24,24,48.0004166649
-23.2,74.1,73.9,-24,24,48.0004166649
-23.1,74.1,73.9,-24,24,48.0004166649
-23,74.1,73.9,-24,24,48.0004166649
-22.9,74.1,73.9,-24,24,48.0004166649
-22.8,74.1,73.9,-24,24,48.0004166649
-22.7,74.1,73.9,-24,24,48.0004166649
-22.6,74.1,73.9,-24,24,48.0004166649
-22.5,74.1,73.9,-24,24,48.0004166649
-22.4,74.1,73.9,-24,24,48.0004166649
-22.3,74.1,73.9,-24,24,48.0004166649
-22.2,74.1,73.9,-24,24,48.0004166649
-22.1,74.1,73.9,-24,24,48.0004166649
-22,74.1,73.9,-24,24,48.0004166649
-21.9,74.1,73.9,-24,24,48.0004166649
-21.8,74.1,73.9,-24,24,48.0004166649
-21.7,74.1,73.9,-24,24,48.0004166649
-21.6,74.1,73.9,-24,24,48.0004166649
-21.5,74.1,73.9,-24,24,48.0004166649
-21.4,74.1,73.9,-24,24,48.0004166649
-21.3,74.1,73.9,-24,24,48.0004166649
-21.2,74.1,73.9,-24,24,48.0004166649
-21.1,74.1,73.9,-24,24,48.0004166649
-21,74.1,73.9,-24,24,48.0004166649
-20.9,74.1,73.9,-24,24,48.0004166649
-20.8,74.1,73.9,-24,24,48.0004166649
-20.7,74.1,73.9,-24,24,48.0004166649
-20.6,74.1,73.9,-24,24,48.0004166649
-20.5,74.1,73.9,-24,24,48.0004166649
-20.4,74.1,73.9,-24,24,48.0004166649
-20.3,74.1,73.9,-24,24,48.0004166649
-20.2,74.1,73.9,-24,24,48.0004166649
-20.1,74.1,73.9,-24,24,48.0004166649
-20,74.1,73.9,-24,24,48.0004166649
-19.9,74.1,73.9,-24,24,48.0004166649
-19.8,74.1,73.9,-24,24,48.0004166649
-19.7,74.1,73.9,-24,24,48.0004166649
-19.6,74.1,73.9,-24,24,48.0004166649
-19.5,74.1,73.9,-24,24,48.0004166649
-19.4,74.1,73.9,-24,24,48.0004166649
-19.3,74.1,73.9,-24,24,48.0004166649
-19.2,74.1,73.9,-24,24,48.0004166649
-19.1,74.1,73.9,-24,24,48.0004166649
-19,74.1,73.9,-24,24,48.0004166649
-18.9,74.1,73.9,-24,24,48.0004166649
-18.8,74.1,73.9,-24,24,48.0004166649
-18.7,74.1,73.9,-24,24,48.0004166649
-18.6,74.1,73.9,-24,24,48.0004166649
-18.5,74.1,73.9,-24,24,48.0004166649
-18.4,74.1,73.9,-24,24,48.0004166649
-18.3,74.1,73.9,-24,24,48.0004166649
-18.2,74.1,73.9,-24,24,48.0004166649
-18.1,74.1,73.9,-24,24,48.0004166649
-18,74.1,73.9,-24,24,48.0004166649
-17.9,74.1,73.9,-24,24,48.0004166649
-17.8,74.1,73.9,-24,24,48.0004166649
-17.7,74.1,73.9,-24,24,48.0004166649
-17.6,74.1,73.9,-24,24,48.0004166649
-17.5,74.1,73.9,-24,24,48.0004166649
-17.4,74.1,73.9,-24,24,48.0004166649
-17.3,74.1,73.9,-24,24,48.0004166649
-17.2,74.1,73.9,-24,24,48.0004166649
-17.1,74.1,73.9,-24,24,48.0004166649
-17,74.1,73.9,-24,24,48.0004166649
-16.9,74.1,73.9,-24,24,48.0004166649
-16.8,74.1,73.9,-24,24,48.0004166649
-16.7,74.1,73.9,-24,24,48.0004166649
-16.6,74.1,73.9,-24,24,48.0004166649
-16.5,74.1,73.9,-24,24,48.0004166649
-16.4,74.1,73.9,-24,24,48.0004166649
-16.3,74.1,73.9,-24,24,48.0004166649
-16.2,74.1,73.9,-24,24,48.0004166649
-16.1,74.1,73.9,-24,24,48.0004166649
-16,74.1,73.9,-24,24,48.0004166649
-15.9,74.1,73.9,-24,24,48.0004166649
-15.8,74.1,73.9,-24,24,48.0004166649
-15.7,74.1,73.9,-24,24,48.0004166649
-15.6,74.1,73.9,-24,24,48.0004166649
-15.5,74.1,73.9,-24,24,48.0004166649
-15.4,74.1,73.9,-24,24,48.0004166649
-15.3,74.1,73.9,-24,24,48.0004166649
-15.2,74.1,73.9,-24,24,48.0004166649
-15.1,74.1,73.9,-24,24,48.0004166649
-15,74.1,73.9,-24,24,48.0004166649
-14.9,74.1,73.9,-24,24,48.0004166649
-14.8,74.1,73.9,-24,24,48.0004166649
-14.7,74.1,73.9,-24,24,48.0004166649
-14.6,74.1,73.9,-24,24,48.0004166649
-14.5,74.1,73.9,-24,24,48.0004166649
-14.4,74.1,73.9,-24,24,48.0004166649
-14.3,74.1,73.9,-24,24,48.0004166649
-14.2,74.1,73.9,-24,24,48.0004166649
-14.1,74.1,73.9,-24,24,48.0004166649
-14,74.1,73.9,-24,24,48.0004166649
-13.9,74.1,73.9,-24,24,48.0004166649
-13.8,74.1,73.9,-24,24,48.0004166649
-13.7,74.1,73.9,-24,24,48.0004166649
-13.6,74.1,73.9,-24,24,48.0004166649
-13.5,74.1,73.9,-24,24,48.0004166649
-13.4,74.1,73.9,-24,24,48.0004166649
-13.3,74.1,73.9,-24,24,48.0004166649
-13.2,74.1,73.9,-24,24,48.0004166649
-13.1,74.1,73.9,-24,24,48.0004166649
-13,74.1,73.9,-24,24,48.0004166649
-12.9,74.1,73.9,-24,24,48.0004166649
-12.8,74.1,73.9,-24,24,48.0004166649
-12.7,74.1,73.9,-24,24,48.0004166649
-12.6,74.1,73.9,-24,24,48.0004166649
-12.5,74.1,73.9,-24,24,48.0004166649
-12.4,74.1,73.9,-24,24,48.0004166649
-12.3,74.1,73.9,-24,24,48.0004166649
-12.2,74.1,73.9,-24,24,48.0004166649
-12.1,74.1,73.9,-24,24,48.0004166649
-12,74.1,73.9,-24,24,48.0004166649
-11.9,72.905,72.705,-23.8,23.8,47.6004201662
-11.8,71.72,71.52,-23.6,23.6,47.2004237269
-11.7,70.545,70.345,-23.4,23.4,46.8004273485
-11.6,69.38,69.18,-23.2,23.2,46.4004310325
-11.5,68.225,68.025,-23,23,46.0004347806
-11.4,67.08,66.88,-22.8,22.8,45.6004385944
-11.3,65.945,65.745,-22.6,22.6,45.2004424757
-11.2,64.82,64.62,-22.4,22.4,44.8004464263
-11.1,63.705,63.505,-22.2,22.2,44.4004504482
-11,62.6,62.4,-22,22,44.0004545431
-10.9,61.505,61.305,-21.8,21.8,43.6004587132
-10.8,60.42,60.22,-21.6,21.6,43.2004629605
-10.7,59.345,59.145,-21.4,21.4,42.8004672872
-10.6,58.28,58.08,-21.2,21.2,42.4004716955
-10.5,57.225,57.025,-21,21,42.0004761878
-10.4,56.18,55.98,-20.8,20.8,41.6004807665
-10.3,55.145,54.945,-20.6,20.6,41.200485434
-10.2,54.12,53.92,-20.4,20.4,40.8004901931
-10.1,53.105,52.905,-20.2,20.2,40.4004950465
-10,52.1,51.9,-20,20,40.0004999969
-9.9,51.105,50.905,-19.8,19.8,39.6005050473
-9.8,50.12,49.92,-19.6,19.6,39.2005102008
-9.7,49.145,48.945,-19.4,19.4,38.8005154605
-9.6,48.18,47.98,-19.2,19.2,38.4005208298
-9.5,47.225,47.025,-19,19,38.0005263121
-9.4,46.28,46.08,-18.8,18.8,37.6005319111
-9.3,45.345,45.145,-18.6,18.6,37.2005376305
-9.2,44.42,44.22,-18.4,18.4,36.8005434742
-9.1,43.505,43.305,-18.2,18.2,36.4005494464
-9,42.6,42.4,-18,18,36.0005555513
-8.9,41.705,41.505,-17.8,17.8,35.6005617933
-8.8,40.82,40.62,-17.6,17.6,35.2005681772
-8.7,39.945,39.745,-17.4,17.4,34.8005747079
-8.6,39.08,38.88,-17.2,17.2,34.4005813904
-8.5,38.225,38.025,-17,17,34.0005882302
-8.4,37.38,37.18,-16.8,16.8,33.6005952328
-8.3,36.545,36.345,-16.6,16.6,33.2006024042
-8.2,35.72,35.52,-16.4,16.4,32.8006097504
-8.1,34.905,34.705,-16.2,16.2,32.4006172781
-8,34.1,33.9,-16,16,32.0006249939
-7.9,33.305,33.105,-15.8,15.8,31.6006329051
-7.8,32.52,32.32,-15.6,15.6,31.2006410191
-7.7,31.745,31.545,-15.4,15.4,30.8006493438
-7.6,30.98,30.78,-15.2,15.2,30.4006578876
-7.5,30.225,30.025,-15,15,30.0006666593
-7.4,29.48,29.28,-14.8,14.8,29.600675668
-7.3,28.745,28.545,-14.6,14.6,29.2006849235
-7.2,28.02,27.82,-14.4,14.4,28.8006944361
-7.1,27.305,27.105,-14.2,14.2,28.4007042166
-7,26.6,26.4,-14,14,28.0007142766
-6.9,25.905,25.705,-13.8,13.8,27.6007246282
-6.8,25.22,25.02,-13.6,13.6,27.2007352842
-6.7,24.545,24.345,-13.4,13.4,26.8007462583
-6.6,23.88,23.68,-13.2,13.2,26.4007575649
-6.5,23.225,23.025,-13,13,26.0007692194
-6.4,22.58,22.38,-12.8,12.8,25.6007812381
-6.3,21.945,21.745,-12.6,12.6,25.2007936383
-6.2,21.32,21.12,-12.4,12.4,24.8008064385
-6.1,20.705,20.505,-12.2,12.2,24.4008196584
-6,20.1,19.9,-12,12,24.0008333189
-5.9,19.505,19.305,-11.8,11.8,23.6008474424
-5.8,18.92,18.72,-11.6,11.6,23.2008620529
-5.7,18.345,18.145,-11.4,11.4,22.8008771761
-5.6,17.78,17.58,-11.2,11.2,22.4008928393
-5.5,17.225,17.025,-11,11,22.0009090721
-5.4,16.68,16.48,-10.8,10.8,21.6009259061
-5.3,16.145,15.945,-10.6,10.6,21.2009433752
-5.2,15.62,15.42,-10.4,10.4,20.8009615162
-5.1,15.105,14.905,-10.2,10.2,20.4009803686
-5,14.6,14.4,-10,10,20.000999975
-4.9,14.105,13.905,-9.8,9.8,19.6010203816
-4.8,13.62,13.42,-9.6,9.6,19.2010416384
-4.7,13.145,12.945,-9.4,9.4,18.8010637997
-4.6,12.68,12.48,-9.2,9.2,18.4010869244
-4.5,12.225,12.025,-9,9,18.0011110768
-4.4,11.78,11.58,-8.8,8.8,17.601136327
-4.3,11.345,11.145,-8.6,8.6,17.2011627514
-4.2,10.92,10.72,-8.4,8.4,16.801190434
-4.1,10.505,10.305,-8.2,8.2,16.4012194669
-4,10.1,9.9,-8,8,16.0012499512
-3.9,9.705,9.505,-7.8,7.8,15.6012819986
-3.8,9.32,9.12,-7.6,7.6,15.2013157325
-3.7,8.945,8.745,-7.4,7.4,14.8013512897
-3.6,8.58,8.38,-7.2,7.2,14.4013888219
-3.5,8.225,8.025,-7,7,14.0014284985
-3.4,7.88,7.68,-6.8,6.8,13.6014705087
-3.3,7.545,7.345,-6.6,6.6,13.2015150646
-3.2,7.22,7.02,-6.4,6.4,12.8015624046
-3.1,6.905,6.705,-6.2,6.2,12.4016127983
-3,6.6,6.4,-6,6,12.0016665509
-2.9,6.305,6.105,-5.8,5.8,11.6017240098
-2.8,6.02,5.82,-5.6,5.6,11.201785572
-2.7,5.745,5.545,-5.4,5.4,10.8018516931
-2.6,5.48,5.28,-5.2,5.2,10.4019228992
-2.5,5.225,5.025,-5,5,10.0019998
-2.4,4.98,4.78,-4.8,4.8,9.60208310733
-2.3,4.745,4.545,-4.6,4.6,9.20217365626
-2.2,4.52,4.32,-4.4,4.4,8.80227243387
-2.1,4.305,4.105,-4.2,4.2,8.40238061504
-2,4.1,3.9,-4,4,8.0024996095
-1.9,3.905,3.705,-3.8,3.8,7.6026311235
-1.8,3.72,3.52,-3.6,3.6,7.20277724215
-1.7,3.545,3.345,-3.4,3.4,6.80294054068
-1.6,3.38,3.18,-3.2,3.2,6.40312423743
-1.5,3.225,3.025,-3,3,6.00333240792
-1.4,3.08,2.88,-2.8,2.8,5.60357029045
-1.3,2.945,2.745,-2.6,2.6,5.2038447325
-1.2,2.82,2.62,-2.4,2.4,4.80416485979
-1.1,2.705,2.505,-2.2,2.2,4.40454310911
-1,2.6,2.4,-2,2,4.0049968789
-0.9,2.505,2.305,-1.8,1.8,3.60555127546
-0.8,2.42,2.22,-1.6,1.6,3.20624390838
-0.7,2.345,2.145,-1.4,1.4,2.80713376952
-0.6,2.28,2.08,-1.2,1.2,2.40831891576
-0.5,2.225,2.025,-1,1,2.00997512422
-0.4,2.18,1.98,-0.8,0.8,1.61245154966
-0.3,2.145,1.945,-0.6,0.6,1.21655250606
-0.2,2.12,1.92,-0.4,0.4,0.824621125124
-0.1,2.105,1.905,-0.2,0.2,0.4472135955
0,2.1,1.9,0,0,0.2
0.1,2.105,1.905,0.2,0.2,0.4472135955
0.2,2.12,1.92,0.4,0.4,0.824621125124
0.3,2.145,1.945,0.6,0.6,1.21655250606
0.4,2.18,1.98,0.8,0.8,1.61245154966
0.5,2.225,2.025,1,1,2.00997512422
0.6,2.28,2.08,1.2,1.2,2.40831891576
0.7,2.345,2.145,1.4,1.4,2.80713376952
0.8,2.42,2.22,1.6,1.6,3.20624390838
0.9,2.505,2.305,1.8,1.8,3.60555127546
1,2.6,2.4,2,2,4.0049968789
1.1,2.705,2.505,2.2,2.2,4.40454310911
1.2,2.82,2.62,2.4,2.4,4.80416485979
1.3,2.945,2.745,2.6,2.6,5.2038447325
1.4,3.08,2.88,2.8,2.8,5.60357029045
1.5,3.225,3.025,3,3,6.00333240792
1.6,3.38,3.18,3.2,3.2,6.40312423743
1.7,3.545,3.345,3.4,3.4,6.80294054068
1.8,3.72,3.52,3.6,3.6,7.20277724215
1.9,3.905,3.705,3.8,3.8,7.6026311235
2,4.1,3.9,4,4,8.0024996095
2.1,4.305,4.105,4.2,4.2,8.40238061504
2.2,4.52,4.32,4.4,4.4,8.80227243387
2.3,4.745,4.545,4.6,4.6,9.20217365626
2.4,4.98,4.78,4.8,4.8,9.60208310733
2.5,5.225,5.025,5,5,10.0019998
2.6,5.48,5.28,5.2,5.2,10.4019228992
2.7,5.745,5.545,5.4,5.4,10.8018516931
2.8,6.02,5.82,5.6,5.6,11.201785572
2.9,6.305,6.105,5.8,5.8,11.6017240098
3,6.6,6.4,6,6,12.0016665509
3.1,6.905,6.705,6.2,6.2,12.4016127983
3.2,7.22,7.02,6.4,6.4,12.8015624046
3.3,7.545,7.345,6.6,6.6,13.2015150646
3.4,7.88,7.68,6.8,6.8,13.6014705087
3.5,8.225,8.025,7,7,14.0014284985
3.6,8.58,8.38,7.2,7.2,14.4013888219
3.7,8.945,8.745,7.4,7.4,14.8013512897
3.8,9.32,9.12,7.6,7.6,15.2013157325
3.9,9.705,9.505,7.8,7.8,15.6012819986
4,10.1,9.9,8,8,16.0012499512
4.1,10.505,10.305,8.2,8.2,16.4012194669
4.2,10.92,10.72,8.4,8.4,16.801190434
4.3,11.345,11.145,8.6,8.6,17.2011627514
4.4,11.78,11.58,8.8,8.8,17.601136327
4.5,12.225,12.025,9,9,18.0011110768
4.6,12.68,12.48,9.2,9.2,18.4010869244
4.7,13.145,12.945,9.4,9.4,18.8010637997
4.8,13.62,13.42,9.6,9.6,19.2010416384
4.9,14.105,13.905,9.8,9.8,19.6010203816
5,14.6,14.4,10,10,20.000999975
5.1,15.105,14.905,10.2,10.2,20.4009803686
5.2,15.62,15.42,10.4,10.4,20.8009615162
5.3,16.145,15.945,10.6,10.6,21.2009433752
5.4,16.68,16.48,10.8,10.8,21.6009259061
5.5,17.225,17.025,11,11,22.0009090721
5.6,17.78,17.58,11.2,11.2,22.4008928393
5.7,18.345,18.145,11.4,11.4,22.8008771761
5.8,18.92,18.72,11.6,11.6,23.2008620529
5.9,19.505,19.305,11.8,11.8,23.6008474424
6,20.1,19.9,12,12,24.0008333189
6.1,20.705,20.505,12.2,12.2,24.4008196584
6.2,21.32,21.12,12.4,12.4,24.8008064385
6.3,21.945,21.745,12.6,12.6,25.2007936383
6.4,22.58,22.38,12.8,12.8,25.6007812381
6.5,23.225,23.025,13,13,26.0007692194
6.6,23.88,23.68,13.2,13.2,26.4007575649
6.7,24.545,24.345,13.4,13.4,26.8007462583
6.8,25.22,25.02,13.6,13.6,27.2007352842
6.9,25.905,25.705,13.8,13.8,27.6007246282
7,26.6,26.4,14,14,28.0007142766
7.1,27.305,27.105,14.2,14.2,28.4007042166
7.2,28.02,27.82,14.4,14.4,28.8006944361
7.3,28.745,28.545,14.6,14.6,29.2006849235
7.4,29.48,29.28,14.8,14.8,29.600675668
7.5,30.225,30.025,15,15,30.0006666593
7.6,30.98,30.78,15.2,15.2,30.4006578876
7.7,31.745,31.545,15.4,15.4,30.8006493438
7.8,32.52,32.32,15.6,15.6,31.2006410191
7.9,33.305,33.105,15.8,15.8,31.6006329051
8,34.1,33.9,16,16,32.0006249939
8.1,34.905,34.705,16.2,16.2,32.4006172781
8.2,35.72,35.52,16.4,16.4,32.8006097504
8.3,36.545,36.345,16.6,16.6,33.2006024042
8.4,37.38,37.18,16.8,16.8,33.6005952328
8.5,38.225,38.025,17,17,34.0005882302
8.6,39.08,38.88,17.2,17.2,34.4005813904
8.7,39.945,39.745,17.4,17.4,34.8005747079
8.8,40.82,40.62,17.6,17.6,35.2005681772
8.9,41.705,41.505,17.8,17.8,35.6005617933
9,42.6,42.4,18,18,36.0005555513
9.1,43.505,43.305,18.2,18.2,36.4005494464
9.2,44.42,44.22,18.4,18.4,36.8005434742
9.3,45.345,45.145,18.6,18.6,37.2005376305
9.4,46.28,46.08,18.8,18.8,37.6005319111
9.5,47.225,47.025,19,19,38.0005263121
9.6,48.18,47.98,19.2,19.2,38.4005208298
9.7,49.145,48.945,19.4,19.4,38.8005154605
9.8,50.12,49.92,19.6,19.6,39.2005102008
9.9,51.105,50.905,19.8,19.8,39.6005050473
10,52.1,51.9,20,20,40.0004999969
10.1,53.105,52.905,20.2,20.2,40.4004950465
10.2,54.12,53.92,20.4,20.4,40.8004901931
10.3,55.145,54.945,20.6,20.6,41.200485434
10.4,56.18,55.98,20.8,20.8,41.6004807665
10.5,57.225,57.025,21,21,42.0004761878
10.6,58.28,58.08,21.2,21.2,42.4004716955
10.7,59.345,59.145,21.4,21.4,42.8004672872
10.8,60.42,60.22,21.6,21.6,43.2004629605
10.9,61.505,61.305,21.8,21.8,43.6004587132
11,62.6,62.4,22,22,44.0004545431
11.1,63.705,63.505,22.2,22.2,44.4004504482
11.2,64.82,64.62,22.4,22.4,44.8004464263
11.3,65.945,65.745,22.6,22.6,45.2004424757
11.4,67.08,66.88,22.8,22.8,45.6004385944
11.5,68.225,68.025,23,23,46.0004347806
11.6,69.38,69.18,23.2,23.2,46.4004310325
11.7,70.545,70.345,23.4,23.4,46.8004273485
11.8,71.72,71.52,23.6,23.6,47.2004237269
11.9,72.905,72.705,23.8,23.8,47.6004201662
12,74.1,73.9,24,24,48.0004166649
12.1,74.1,73.9,24,24,48.0004166649
12.2,74.1,73.9,24,24,48.0004166649
12.3,74.1,73.9,24,24,48.0004166649
12.4,74.1,73.9,24,24,48.0004166649
12.5,74.1,73.9,24,24,48.0004166649
12.6,74.1,73.9,24,24,48.0004166649
12.7,74.1,73.9,24,24,48.0004166649
12.8,74.1,73.9,24,24,48.0004166649
12.9,74.1,73.9,24,24,48.0004166649
13,74.1,73.9,24,24,48.0004166649
13.1,74.1,73.9,24,24,48.0004166649
13.2,74.1,73.9,24,24,48.0004166649
13.3,74.1,73.9,24,24,48.0004166649
13.4,74.1,73.9,24,24,48.0004166649
13.5,74.1,73.9,24,24,48.0004166649
13.6,74.1,73.9,24,24,48.0004166649
13.7,74.1,73.9,24,24,48.0004166649
13.8,74.1,73.9,24,24,48.0004166649
13.9,74.1,73.9,24,24,48.0004166649
14,74.1,73.9,24,24,48.0004166649
14.1,74.1,73.9,24,24,48.0004166649
14.2,74.1,73.9,24,24,48.0004166649
14.3,74.1,73.9,24,24,48.0004166649
14.4,74.1,73.9,24,24,48.0004166649
14.5,74.1,73.9,24,24,48.0004166649
14.6,74.1,73.9,24,24,48.0004166649
14.7,74.1,73.9,24,24,48.0004166649
14.8,74.1,73.9,24,24,48.0004166649
14.9,74.1,73.9,24,24,48.0004166649
15,74.1,73.9,24,24,48.0004166649
15.1,74.1,73.9,24,24,48.0004166649
15.2,74.1,73.9,24,24,48.0004166649
15.3,74.1,73.9,24,24,48.0004166649
15.4,74.1,73.9,24,24,48.0004166649
15.5,74.1,73.9,24,24,48.0004166649
15.6,74.1,73.9,24,24,48.0004166649
15.7,74.1,73.9,24,24,48.0004166649
15.8,74.1,73.9,24,24,48.0004166649
15.9,74.1,73.9,24,24,48.0004166649
16,74.1,73.9,24,24,48.0004166649
16.1,74.1,73.9,24,24,48.0004166649
16.2,74.1,73.9,24,24,48.0004166649
16.3,74.1,73.9,24,24,48.0004166649
16.4,74.1,73.9,24,24,48.0004166649
16.5,74.1,73.9,24,24,48.0004166649
16.6,74.1,73.9,24,24,48.0004166649
16.7,74.1,73.9,24,24,48.0004166649
16.8,74.1,73.9,24,24,48.0004166649
16.9,74.1,73.9,24,24,48.0004166649
17,74.1,73.9,24,24,48.0004166649
17.1,74.1,73.9,24,24,48.0004166649
17.2,74.1,73.9,24,24,48.0004166649
17.3,74.1,73.9,24,24,48.0004166649
17.4,74.1,73.9,24,24,48.0004166649
17.5,74.1,73.9,24,24,48.0004166649
17.6,74.1,73.9,24,24,48.0004166649
17.7,74.1,73.9,24,24,48.0004166649
17.8,74.1,73.9,24,24,48.0004166649
17.9,74.1,73.9,24,24,48.0004166649
18,74.1,73.9,24,24,48.0004166649
18.1,74.1,73.9,24,24,48.0004166649
18.2,74.1,73.9,24,24,48.0004166649
18.3,74.1,73.9,24,24,48.0004166649
18.4,74.1,73.9,24,24,48.0004166649
18.5,74.1,73.9,24,24,48.0004166649
18.6,74.1,73.9,24,24,48.0004166649
18.7,74.1,73.9,24,24,48.0004166649
18.8,74.1,73.9,24,24,48.0004166649
18.9,74.1,73.9,24,24,48.0004166649
19,74.1,73.9,24,24,48.0004166649
19.1,74.1,73.9,24,24,48.0004166649
19.2,74.1,73.9,24,24,48.0004166649
19.3,74.1,73.9,24,24,48.0004166649
19.4,74.1,73.9,24,24,48.0004166649
19.5,74.1,73.9,24,24,48.0004166649
19.6,74.1,73.9,24,24,48.0004166649
19.7,74.1,73.9,24,24,48.0004166649
19.8,74.1,73.9,24,24,48.0004166649
19.9,74.1,73.9,24,24,48.0004166649
20,74.1,73.9,24,24,48.0004166649
20.1,74.1,73.9,24,24,48.0004166649
20.2,74.1,73.9,24,24,48.0004166649
20.3,74.1,73.9,24,24,48.0004166649
20.4,74.1,73.9,24,24,48.0004166649
20.5,74.1,73.9,24,24,48.0004166649
20.6,74.1,73.9,24,24,48.0004166649
20.7,74.1,73.9,24,24,48.0004166649
20.8,74.1,73.9,24,24,48.0004166649
20.9,74.1,73.9,24,24,48.0004166649
21,74.1,73.9,24,24,48.0004166649
21.1,74.1,73.9,24,24,48.0004166649
21.2,74.1,73.9,24,24,48.0004166649
21.3,74.1,73.9,24,24,48.0004166649
21.4,74.1,73.9,24,24,48.0004166649
21.5,74.1,73.9,24,24,48.0004166649
21.6,74.1,73.9,24,24,48.0004166649
21.7,74.1,73.9,24,24,48.0004166649
21.8,74.1,73.9,24,24,48.0004166649
21.9,74.1,73.9,24,24,48.0004166649
22,74.1,73.9,24,24,48.0004166649
22.1,74.1,73.9,24,24,48.0004166649
22.2,74.1,73.9,24,24,48.0004166649
22.3,74.1,73.9,24,24,48.0004166649
22.4,74.1,73.9,24,24,48.0004166649
22.5,74.1,73.9,24,24,48.0004166649
22.6,74.1,73.9,24,24,48.0004166649
22.7,74.1,73.9,24,24,48.0004166649
22.8,74.1,73.9,24,24,48.0004166649
22.9,74.1,73.9,24,24,48.0004166649
23,74.1,73.9,24,24,48.0004166649
23.1,74.1,73.9,24,24,48.0004166649
23.2,74.1,73.9,24,24,48.0004166649
23.3,74.1,73.9,24,24,48.0004166649
23.4,74.1,73.9,24,24,48.0004166649
23.5,74.1,73.9,24,24,48.0004166649
23.6,74.1,73.9,24,24,48.0004166649
23.7,74.1,73.9,24,24,48.0004166649
23.8,74.1,73.9,24,24,48.0004166649
23.9,74.1,73.9,24,24,48.0004166649
24,74.1,73.9,24,24,48.0004166649
24.1,74.1,73.9,24,24,48.0004166649
24.2,74.1,73.9,24,24,48.0004166649
24.3,74.1,73.9,24,24,48.0004166649
24.4,74.1,73.9,24,24,48.0004166649
24.5,74.1,73.9,24,24,48.0004166649
24.6,74.1,73.9,24,24,48.0004166649
24.7,74.1,73.9,24,24,48.0004166649
24.8,74.1,73.9,24,24,48.0004166649
24.9,74.1,73.9,24,24,48.0004166649
25,74.1,73.9,24,24,48.0004166649
25.1,74.1,73.9,24,24,48.0004166649
25.2,74.1,73.9,24,24,48.0004166649
25.3,74.1,73.9,24,24,48.0004166649
25.4,74.1,73.9,24,24,48.0004166649
25.5,74.1,73.9,24,24,48.0004166649
25.6,74.1,73.9,24,24,48.0004166649
25.7,74.1,73.9,24,24,48.0004166649
25.8,74.1,73.9,24,24,48.0004166649
25.9,74.1,73.9,24,24,48.0004166649
26,74.1,73.9,24,24,48.0004166649
26.1,74.1,73.9,24,24,48.0004166649
26.2,74.1,73.9,24,24,48.0004166649
26.3,74.1,73.9,24,24,48.0004166649
26.4,74.1,73.9,24,24,48.0004166649
26.5,74.1,73.9,24,24,48.0004166649
26.6,74.1,73.9,24,24,48.0004166649
26.7,74.1,73.9,24,24,48.0004166649
26.8,74.1,73.9,24,24,48.0004166649
26.9,74.1,73.9,24,24,48.0004166649
27,74.1,73.9,24,24,48.0004166649
27.1,74.1,73.9,24,24,48.0004166649
27.2,74.1,73.9,24,24,48.0004166649
27.3,74.1,73.9,24,24,48.0004166649
27.4,74.1,73.9,24,24,48.0004166649
27.5,74.1,73.9,24,24,48.0004166649
27.6,74.1,73.9,24,24,48.0004166649
27.7,74.1,73.9,24,24,48.0004166649
27.8,74.1,73.9,24,24,48.0004166649
27.9,74.1,73.9,24,24,48.0004166649
28,74.1,73.9,24,24,48.0004166649
28.1,74.1,73.9,24,24,48.0004166649
28.2,74.1,73.9,24,24,48.0004166649
28.3,74.1,73.9,24,24,48.0004166649
28.4,74.1,73.9,24,24,48.0004166649
28.5,74.1,73.9,24,24,48.0004166649
28.6,74.1,73.9,24,24,48.0004166649
28.7,74.1,73.9,24,24,48.0004166649
28.8,74.1,73.9,24,24,48.0004166649
28.9,74.1,73.9,24,24,48.0004166649
29,74.1,73.9,24,24,48.0004166649
29.1,74.1,73.9,24,24,48.0004166649
29.2,74.1,73.9,24,24,48.0004166649
29.3,74.1,73.9,24,24,48.0004166649
29.4,74.1,73.9,24,24,48.0004166649
29.5,74.1,73.9,24,24,48.0004166649
29.6,74.1,73.9,24,24,48.0004166649
29.7,74.1,73.9,24,24,48.0004166649
29.8,74.1,73.9,24,24,48.0004166649
29.9,74.1,73.9,24,24,48.0004166649
30,74.1,73.9,24,24,48.0004166649
30.1,74.1,73.9,24,24,48.0004166649
30.2,74.1,73.9,24,24,48.0004166649
30.3,74.1,73.9,24,24,48.0004166649
30.4,74.1,73.9,24,24,48.0004166649
30.5,74.1,73.9,24,24,48.0004166649
30.6,74.1,73.9,24,24,48.0004166649
30.7,74.1,73.9,24,24,48.0004166649
30.8,74.1,73.9,24,24,48.0004166649
30.9,74.1,73.9,24,24,48.0004166649
31,74.1,73.9,24,24,48.0004166649
31.1,74.1,73.9,24,24,48.0004166649
31.2,74.1,73.9,24,24,48.0004166649
31.3,74.1,73.9,24,24,48.0004166649
31.4,74.1,73.9,24,24,48.0004166649
31.5,74.1,73.9,24,24,48.0004166649
31.6,74.1,73.9,24,24,48.0004166649
31.7,74.1,73.9,24,24,48.0004166649
31.8,74.1,73.9,24,24,48.0004166649
31.9,74.1,73.9,24,24,48.0004166649
32,74.1,73.9,24,24,48.0004166649
32.1,74.1,73.9,24,24,48.0004166649
32.2,74.1,73.9,24,24,48.0004166649
32.3,74.1,73.9,24,24,48.0004166649
32.4,74.1,73.9,24,24,48.0004166649
32.5,74.1,73.9,24,24,48.0004166649
32.6,74.1,73.9,24,24,48.0004166649
32.7,74.1,73.9,24,24,48.0004166649
32.8,74.1,73.9,24,24,48.0004166649
32.9,74.1,73.9,24,24,48.0004166649
33,74.1,73.9,24,24,48.0004166649
33.1,74.1,73.9,24,24,48.0004166649
33.2,74.1,73.9,24,24,48.0004166649
33.3,74.1,73.9,24,24,48.0004166649
33.4,74.1,73.9,24,24,48.0004166649
33.5,74.1,73.9,24,24,48.0004166649
33.6,74.1,73.9,24,24,48.0004166649
33.7,74.1,73.9,24,24,48.0004166649
33.8,74.1,73.9,24,24,48.0004166649
33.9,74.1,73.9,24,24,48.0004166649
34,74.1,73.9,24,24,48.0004166649
34.1,74.1,73.9,24,24,48.0004166649
34.2,74.1,73.9,24,24,48.0004166649
34.3,74.1,73.9,24,24,48.0004166649
34.4,74.1,73.9,24,24,48.0004166649
34.5,74.1,73.9,24,24,48.0004166649
34.6,74.1,73.9,24,24,48.0004166649
34.7,74.1,73.9,24,24,48.0004166649
34.8,74.1,73.9,24,24,48.0004166649
34.9,74.1,73.9,24,24,48.0004166649
35,74.1,73.9,24,24,48.0004166649
35.1,74.1,73.9,24,24,48.0004166649
35.2,74.1,73.9,24,24,48.0004166649
35.3,74.1,73.9,24,24,48.0004166649
35.4,74.1,73.9,24,24,48.0004166649
35.5,74.1,73.9,24,24,48.0004166649
35.6,74.1,73.9,24,24,48.0004166649
35.7,74.1,73.9,24,24,48.0004166649
35.8,74.1,73.9,24,24,48.0004166649
35.9,74.1,73.9,24,24,48.0004166649
36,74.1,73.9,24,24,48.0004166649
36.1,74.1,73.9,24,24,48.0004166649
36.2,74.1,73.9,24,24,48.0004166649
36.3,74.1,73.9,24,24,48.0004166649
36.4,74.1,73.9,24,24,48.0004166649
36.5,74.1,73.9,24,24,48.0004166649
36.6,74.1,73.9,24,24,48.0004166649
36.7,74.1,73.9,24,24,48.0004166649
36.8,74.1,73.9,24,24,48.0004166649
36.9,74.1,73.9,24,24,48.0004166649
37,74.1,73.9,24,24,48.0004166649
37.1,74.1,73.9,24,24,48.0004166649
37.2,74.1,73.9,24,24,48.0004166649
37.3,74.1,73.9,24,24,48.0004166649
37.4,74.1,73.9,24,24,48.0004166649
37.5,74.1,73.9,24,24,48.0004166649
37.6,74.1,73.9,24,24,48.0004166649
37.7,74.1,73.9,24,24,48.0004166649
37.8,74.1,73.9,24,24,48.0004166649
37.9,74.1,73.9,24,24,48.0004166649
38,74.1,73.9,24,24,48.0004166649
38.1,74.1,73.9,24,24,48.0004166649
38.2,74.1,73.9,24,24,48.0004166649
38.3,74.1,73.9,24,24,48.0004166649
38.4,74.1,73.9,24,24,48.0004166649
38.5,74.1,73.9,24,24,48.0004166649
38.6,74.1,73.9,24,24,48.0004166649
38.7,74.1,73.9,24,24,48.0004166649
38.8,74.1,73.9,24,24,48.0004166649
38.9,74.1,73.9,24,24,48.0004166649
39,74.1,73.9,24,24,48.0004166649
39.1,74.1,73.9,24,24,48.0004166649
39.2,74.1,73.9,24,24,48.0004166649
39.3,74.1,73.9,24,24,48.0004166649
39.4,74.1,73.9,24,24,48.0004166649
39.5,74.1,73.9,24,24,48.0004166649
39.6,74.1,73.9,24,24,48.0004166649
39.7,74.1,73.9,24,24,48.0004166649
39.8,74.1,73.9,24,24,48.0004166649
39.9,74.1,73.9,24,24,48.0004166649
